taskId,assetId,assetType,department,corridorId,defectSeverity,assetCriticality,historicalFailures,overdueDays,trainTraffic,safetyRisk,expectedDegradation,assetAgeYears,priorityScore,failureRisk,riskLevel,recommendedDeadline,status,estimatedDurationMinutes
MT-00001,AST-0176,OHE,Traction Distribution,COR-004,5.0,6,3,5,48,7.0,0.175,9.4,38,0.381,Low,2026-09-27,pending,120
MT-00002,AST-0197,Station Equipment,S&T,COR-009,4.5,4,1,16,26,3.3,0.219,9.2,39,0.387,Low,2026-10-12,pending,75
MT-00003,AST-0538,Track,Engineering,COR-010,3.4,7,0,6,20,4.7,0.041,2.3,38,0.376,Low,2026-10-12,pending,210
MT-00004,AST-0503,Signal,S&T,COR-008,5.9,9,0,1,69,6.6,0.365,8.2,54,0.541,Medium,2026-09-13,in_progress,240
MT-00005,AST-0580,Track,Engineering,COR-004,7.3,8,1,12,48,6.6,0.168,12.9,59,0.586,Medium,2026-09-17,completed,180
MT-00006,AST-0212,Track,Engineering,COR-008,6.1,8,1,1,69,4.5,0.336,6.8,54,0.542,Medium,2026-09-15,in_progress,135
MT-00007,AST-0616,Signal,S&T,COR-004,7.7,10,2,2,48,9.5,0.406,13.6,68,0.682,High,2026-09-06,completed,210
MT-00008,AST-0349,Signal,S&T,COR-003,7.8,9,3,6,32,6.6,0.514,37.5,63,0.634,Medium,2026-09-16,pending,90
MT-00009,AST-0186,Track,Engineering,COR-006,8.4,8,4,0,73,7.5,0.532,12.0,67,0.672,High,2026-09-06,pending,120
MT-00010,AST-0399,Signal,S&T,COR-002,4.0,9,1,1,26,4.7,0.164,12.3,38,0.377,Low,2026-10-10,pending,165
MT-00011,AST-0536,Signal,S&T,COR-002,4.0,9,0,0,26,6.7,0.027,2.5,36,0.36,Low,2026-10-16,overdue,60
MT-00012,AST-0585,OHE,Traction Distribution,COR-003,5.0,7,0,3,32,4.7,0.243,12.0,40,0.405,Low,2026-09-16,pending,120
MT-00013,AST-0346,Track,Engineering,COR-004,6.5,8,4,2,48,5.5,0.378,19.4,50,0.495,Low,2026-09-14,pending,180
MT-00014,AST-0367,Signal,S&T,COR-008,6.2,9,1,4,69,7.2,0.241,16.9,50,0.496,Low,2026-09-17,pending,180
MT-00015,AST-0555,Signal,S&T,COR-008,6.6,9,1,15,69,6.4,0.524,1.7,68,0.682,High,2026-09-11,overdue,135
MT-00016,AST-0731,Station Equipment,S&T,COR-004,8.2,4,2,4,48,4.7,0.57,15.2,57,0.568,Medium,2026-09-13,pending,90
MT-00017,AST-0168,Bridge,Engineering,COR-002,3.1,9,0,2,26,5.9,0.0,5.2,44,0.44,Low,2026-09-19,completed,75
MT-00018,AST-0069,Track,Engineering,COR-008,9.5,7,3,0,69,8.1,0.706,24.8,69,0.686,High,2026-09-06,pending,135
MT-00019,AST-0433,Track,Engineering,COR-001,7.1,8,4,4,45,6.0,0.317,5.1,56,0.562,Medium,2026-09-15,pending,135
MT-00020,AST-0392,Track,Engineering,COR-003,7.5,7,2,2,32,5.5,0.37,20.0,58,0.576,Medium,2026-09-16,completed,60
MT-00021,AST-0513,Track,Engineering,COR-003,6.9,7,2,5,32,6.3,0.433,40.0,49,0.488,Low,2026-09-16,completed,105
MT-00022,AST-0076,Track,Engineering,COR-004,7.4,8,2,7,48,7.5,0.453,21.2,59,0.586,Medium,2026-09-13,completed,90
MT-00023,AST-0251,Track,Engineering,COR-008,4.5,9,3,39,69,7.8,0.398,8.2,76,0.763,Critical,2026-09-10,pending,45
MT-00024,AST-0007,Signal,S&T,COR-003,6.3,9,4,25,32,5.9,0.377,6.1,65,0.653,High,2026-09-10,overdue,135
MT-00025,AST-0788,OHE,Traction Distribution,COR-010,5.0,7,0,3,20,5.2,0.184,12.7,38,0.381,Low,2026-10-03,in_progress,195
MT-00026,AST-0445,Track,Engineering,COR-005,2.4,9,0,6,100,6.6,0.122,9.0,58,0.581,Medium,2026-09-16,overdue,225
MT-00027,AST-0045,Bridge,Engineering,COR-005,5.8,10,2,1,100,9.3,0.197,2.3,63,0.629,Medium,2026-09-12,pending,105
MT-00028,AST-0704,Signal,S&T,COR-005,3.2,10,0,5,100,5.3,0.305,11.5,54,0.541,Medium,2026-09-19,pending,45
MT-00029,AST-0326,Track,Engineering,COR-001,5.1,9,2,6,45,5.8,0.429,6.1,52,0.517,Low,2026-09-14,pending,195
MT-00030,AST-0153,Signal,S&T,COR-010,5.9,9,0,4,20,7.2,0.399,21.3,56,0.559,Medium,2026-09-15,completed,90
MT-00031,AST-0184,Signal,S&T,COR-006,5.7,10,2,4,73,6.7,0.53,9.5,65,0.65,High,2026-09-11,completed,30
MT-00032,AST-0113,Bridge,Engineering,COR-006,5.6,10,1,7,73,6.5,0.263,11.9,71,0.706,High,2026-09-09,in_progress,195
MT-00033,AST-0764,Signal,S&T,COR-006,5.2,9,1,1,73,6.8,0.15,12.1,52,0.52,Low,2026-09-19,pending,165
MT-00034,AST-0190,Track,Engineering,COR-010,3.0,8,0,4,20,6.7,0.056,8.7,39,0.394,Low,2026-09-29,pending,105
MT-00035,AST-0291,Bridge,Engineering,COR-007,6.4,10,2,0,45,6.3,0.253,2.3,61,0.607,Medium,2026-09-17,pending,210
MT-00036,AST-0313,Track,Engineering,COR-007,2.8,7,0,0,45,6.1,0.0,4.4,41,0.411,Low,2026-09-12,completed,195
MT-00037,AST-0202,Bridge,Engineering,COR-005,10.0,10,4,3,100,8.4,1.0,40.0,85,0.853,Critical,2026-09-03,pending,150
MT-00038,AST-0463,OHE,Traction Distribution,COR-002,4.1,6,0,7,26,5.0,0.0,3.3,32,0.318,Low,2026-10-12,pending,30
MT-00039,AST-0551,OHE,Traction Distribution,COR-007,2.1,8,0,1,45,6.4,0.0,2.1,34,0.342,Low,2026-10-04,pending,180
MT-00040,AST-0773,Bridge,Engineering,COR-001,4.7,10,2,10,45,7.2,0.43,27.2,57,0.574,Medium,2026-09-18,pending,180
MT-00041,AST-0495,Track,Engineering,COR-001,6.2,8,1,4,45,6.2,0.077,6.9,51,0.511,Low,2026-09-20,overdue,240
MT-00042,AST-0138,Track,Engineering,COR-001,5.2,8,2,14,45,6.8,0.336,8.7,58,0.578,Medium,2026-09-22,pending,165
MT-00043,AST-0484,Bridge,Engineering,COR-001,3.1,10,0,0,45,6.1,0.236,3.3,54,0.537,Medium,2026-09-12,overdue,195
MT-00044,AST-0196,Track,Engineering,COR-003,6.8,7,0,17,32,6.7,0.244,6.7,52,0.522,Low,2026-09-18,completed,195
MT-00045,AST-0073,Track,Engineering,COR-005,5.3,10,0,4,100,6.9,0.324,4.7,59,0.589,Medium,2026-09-22,in_progress,240
MT-00046,AST-0258,Signal,S&T,COR-002,5.0,8,1,2,26,6.9,0.0,1.4,45,0.45,Low,2026-09-14,in_progress,225
MT-00047,AST-0705,Track,Engineering,COR-002,6.7,7,1,5,26,4.8,0.227,4.1,51,0.505,Low,2026-09-21,completed,225
MT-00048,AST-0401,OHE,Traction Distribution,COR-009,5.8,7,1,12,26,4.8,0.254,8.3,39,0.388,Low,2026-10-06,completed,240
MT-00049,AST-0375,OHE,Traction Distribution,COR-002,9.1,7,1,17,26,5.7,0.253,3.5,54,0.541,Medium,2026-09-15,pending,225
MT-00050,AST-0350,Track,Engineering,COR-007,2.4,8,2,3,45,4.9,0.251,6.0,40,0.403,Low,2026-09-20,overdue,60
MT-00051,AST-0605,Track,Engineering,COR-002,3.5,7,0,3,26,3.4,0.195,8.7,43,0.431,Low,2026-09-21,pending,195
MT-00052,AST-0765,Track,Engineering,COR-009,5.9,8,2,2,26,5.7,0.431,10.8,58,0.585,Medium,2026-09-13,pending,120
MT-00053,AST-0584,OHE,Traction Distribution,COR-008,10.0,7,4,9,69,6.4,0.726,30.9,71,0.711,High,2026-09-10,pending,75
MT-00054,AST-0280,OHE,Traction Distribution,COR-008,8.5,8,1,1,69,8.9,0.379,20.3,63,0.634,Medium,2026-09-22,completed,150
MT-00055,AST-0523,Bridge,Engineering,COR-002,7.3,10,0,2,26,6.9,0.267,11.4,52,0.519,Low,2026-09-19,pending,60
MT-00056,AST-0746,Track,Engineering,COR-001,4.6,8,2,1,45,4.6,0.326,19.4,48,0.479,Low,2026-09-18,pending,90
MT-00057,AST-0449,Bridge,Engineering,COR-008,5.5,10,4,5,69,7.4,0.525,20.7,73,0.727,High,2026-09-06,pending,60
MT-00058,AST-0318,Bridge,Engineering,COR-005,4.8,10,1,6,100,8.6,0.479,3.8,76,0.764,Critical,2026-09-08,pending,120
MT-00059,AST-0392,Track,Engineering,COR-003,5.2,7,2,8,32,5.5,0.57,20.0,53,0.532,Low,2026-09-21,pending,90
MT-00060,AST-0152,OHE,Traction Distribution,COR-006,9.3,7,4,12,73,7.2,0.586,4.2,70,0.697,High,2026-09-10,completed,150
MT-00061,AST-0093,OHE,Traction Distribution,COR-006,4.4,8,0,11,73,7.1,0.211,9.1,60,0.598,Medium,2026-09-16,pending,120
MT-00062,AST-0760,Station Equipment,S&T,COR-008,7.9,6,1,5,69,7.0,0.756,40.0,71,0.714,High,2026-09-07,overdue,45
MT-00063,AST-0225,Track,Engineering,COR-005,6.3,9,1,7,100,7.4,0.207,3.2,65,0.651,High,2026-09-10,completed,75
MT-00064,AST-0662,Station Equipment,S&T,COR-005,3.8,5,1,3,100,3.4,0.468,10.3,37,0.375,Low,2026-10-16,completed,150
MT-00065,AST-0357,Signal,S&T,COR-001,5.5,9,2,3,45,7.2,0.305,11.5,53,0.529,Low,2026-09-15,overdue,195
MT-00066,AST-0482,Station Equipment,S&T,COR-004,3.6,5,3,13,48,2.6,0.347,15.8,43,0.428,Low,2026-09-20,pending,225
MT-00067,AST-0580,Track,Engineering,COR-004,4.4,8,1,3,48,5.1,0.188,12.9,37,0.369,Low,2026-09-30,in_progress,45
MT-00068,AST-0220,Bridge,Engineering,COR-006,4.8,10,0,0,73,8.4,0.291,2.8,59,0.589,Medium,2026-09-21,pending,165
MT-00069,AST-0482,Station Equipment,S&T,COR-004,4.3,5,3,2,48,5.5,0.203,15.8,42,0.421,Low,2026-09-22,pending,150
MT-00070,AST-0020,Station Equipment,S&T,COR-009,4.5,4,0,4,26,4.2,0.103,2.4,43,0.43,Low,2026-09-19,pending,165
MT-00071,AST-0517,Bridge,Engineering,COR-008,6.9,10,1,4,69,5.8,0.539,17.7,58,0.581,Medium,2026-09-17,completed,90
MT-00072,AST-0788,OHE,Traction Distribution,COR-010,4.2,7,0,4,20,4.0,0.129,12.7,42,0.418,Low,2026-09-15,completed,45
MT-00073,AST-0034,Track,Engineering,COR-008,6.6,10,0,1,69,7.0,0.382,15.1,66,0.659,High,2026-09-06,pending,75
MT-00074,AST-0124,OHE,Traction Distribution,COR-009,4.3,7,1,5,26,5.0,0.353,9.5,47,0.471,Low,2026-09-12,completed,195
MT-00075,AST-0287,Station Equipment,S&T,COR-010,5.7,4,0,17,20,3.0,0.077,6.6,37,0.37,Low,2026-10-13,pending,240
MT-00076,AST-0698,Track,Engineering,COR-010,5.1,7,0,3,20,5.3,0.297,9.0,38,0.379,Low,2026-10-08,pending,195
MT-00077,AST-0742,Track,Engineering,COR-004,4.9,7,0,2,48,7.2,0.282,6.9,49,0.49,Low,2026-09-14,pending,120
MT-00078,AST-0416,Track,Engineering,COR-001,4.1,9,2,6,45,6.5,0.261,5.4,53,0.534,Low,2026-09-18,in_progress,195
MT-00079,AST-0131,Track,Engineering,COR-001,5.4,8,1,5,45,6.4,0.325,17.2,51,0.507,Low,2026-09-21,in_progress,210
MT-00080,AST-0084,Track,Engineering,COR-002,7.7,7,0,20,26,5.6,0.0,9.4,64,0.639,Medium,2026-09-19,pending,135
MT-00081,AST-0403,Signal,S&T,COR-002,4.7,9,0,10,26,4.7,0.152,5.4,49,0.486,Low,2026-09-22,pending,240
MT-00082,AST-0022,Signal,S&T,COR-002,3.4,10,2,3,26,5.1,0.207,2.4,35,0.355,Low,2026-09-25,in_progress,60
MT-00083,AST-0632,OHE,Traction Distribution,COR-006,7.3,7,2,9,73,4.7,0.35,11.7,59,0.595,Medium,2026-09-12,completed,225
MT-00084,AST-0580,Track,Engineering,COR-004,4.1,8,1,4,48,5.7,0.176,12.9,50,0.495,Low,2026-09-19,pending,30
MT-00085,AST-0204,Bridge,Engineering,COR-008,6.1,9,1,7,69,7.3,0.426,7.0,67,0.665,High,2026-09-09,completed,75
MT-00086,AST-0048,Track,Engineering,COR-009,5.3,8,1,5,26,5.2,0.47,25.8,52,0.521,Low,2026-09-19,completed,45
MT-00087,AST-0785,Track,Engineering,COR-001,7.2,7,1,1,45,6.5,0.243,13.5,58,0.58,Medium,2026-09-22,in_progress,135
MT-00088,AST-0525,Signal,S&T,COR-002,5.6,9,1,0,26,8.2,0.54,27.2,48,0.48,Low,2026-09-13,pending,75
MT-00089,AST-0350,Track,Engineering,COR-007,7.4,8,2,3,45,8.9,0.274,6.0,57,0.571,Medium,2026-09-22,overdue,45
MT-00090,AST-0108,Track,Engineering,COR-001,4.2,9,2,5,45,7.0,0.403,14.5,62,0.624,Medium,2026-09-12,in_progress,225
MT-00091,AST-0746,Track,Engineering,COR-001,5.4,8,2,1,45,6.0,0.388,19.4,40,0.397,Low,2026-09-17,pending,105
MT-00092,AST-0394,Track,Engineering,COR-005,10.0,9,2,17,100,9.2,0.792,6.2,91,0.91,Critical,2026-09-05,completed,105
MT-00093,AST-0623,Signal,S&T,COR-007,5.7,10,1,2,45,8.6,0.162,7.7,63,0.628,Medium,2026-09-19,completed,165
MT-00094,AST-0655,Track,Engineering,COR-010,10.0,8,4,7,20,6.0,0.756,28.4,73,0.725,High,2026-09-07,completed,75
MT-00095,AST-0637,Signal,S&T,COR-009,5.5,7,1,12,26,7.2,0.462,13.0,61,0.607,Medium,2026-09-18,completed,105
MT-00096,AST-0277,Signal,S&T,COR-010,5.1,9,0,3,20,6.0,0.151,12.1,50,0.5,Low,2026-09-21,pending,210
MT-00097,AST-0310,OHE,Traction Distribution,COR-008,10.0,7,7,12,69,7.0,0.584,20.1,69,0.693,High,2026-09-07,completed,240
MT-00098,AST-0036,OHE,Traction Distribution,COR-004,4.2,6,2,14,48,4.3,0.592,14.2,61,0.605,Medium,2026-09-22,pending,45
MT-00099,AST-0261,Signal,S&T,COR-003,3.6,9,4,6,32,6.3,0.405,19.0,45,0.454,Low,2026-09-19,completed,165
MT-00100,AST-0457,Track,Engineering,COR-002,3.7,7,0,1,26,3.9,0.222,11.0,30,0.3,Low,2026-09-25,pending,195
MT-00101,AST-0475,OHE,Traction Distribution,COR-008,7.5,8,1,0,69,6.7,0.373,13.0,59,0.593,Medium,2026-09-15,pending,45
MT-00102,AST-0763,Signal,S&T,COR-003,1.4,9,0,2,32,5.6,0.111,9.5,36,0.355,Low,2026-10-13,pending,165
MT-00103,AST-0567,Signal,S&T,COR-001,6.0,9,2,7,45,7.1,0.142,7.7,59,0.586,Medium,2026-09-15,completed,225
MT-00104,AST-0556,Track,Engineering,COR-001,8.2,7,2,13,45,7.2,0.671,26.9,71,0.713,High,2026-09-11,in_progress,75
MT-00105,AST-0216,Track,Engineering,COR-009,8.3,8,1,18,26,7.0,0.118,11.0,73,0.727,High,2026-09-08,completed,225
MT-00106,AST-0435,Signal,S&T,COR-007,7.1,8,1,7,45,7.5,0.284,13.0,62,0.625,Medium,2026-09-15,pending,240
MT-00107,AST-0040,Track,Engineering,COR-007,5.8,8,1,5,45,7.4,0.224,18.2,52,0.516,Low,2026-09-21,pending,240
MT-00108,AST-0132,Track,Engineering,COR-010,6.6,8,2,0,20,7.6,0.137,9.2,51,0.505,Low,2026-09-20,in_progress,135
MT-00109,AST-0414,Signal,S&T,COR-001,6.8,9,0,9,45,7.6,0.374,11.0,60,0.603,Medium,2026-09-14,pending,225
MT-00110,AST-0461,Signal,S&T,COR-001,5.6,9,1,12,45,7.7,0.516,37.0,70,0.703,High,2026-09-10,completed,120
MT-00111,AST-0798,Track,Engineering,COR-003,3.3,7,1,3,32,5.7,0.174,10.6,40,0.404,Low,2026-09-14,overdue,195
MT-00112,AST-0649,Signal,S&T,COR-007,3.9,10,1,1,45,9.2,0.144,8.9,54,0.544,Medium,2026-09-21,completed,150
MT-00113,AST-0567,Signal,S&T,COR-001,5.0,9,2,6,45,7.7,0.201,7.7,47,0.472,Low,2026-09-12,pending,225
MT-00114,AST-0679,Track,Engineering,COR-005,6.0,10,1,8,100,7.3,0.375,8.4,60,0.599,Medium,2026-09-19,in_progress,135
MT-00115,AST-0374,Signal,S&T,COR-003,1.0,9,0,3,32,4.0,0.079,3.9,28,0.277,Low,2026-09-26,overdue,90
MT-00116,AST-0711,OHE,Traction Distribution,COR-002,3.9,7,1,2,26,4.8,0.084,3.3,46,0.458,Low,2026-09-19,completed,210
MT-00117,AST-0662,Station Equipment,S&T,COR-005,6.5,5,1,3,100,4.8,0.498,10.3,49,0.494,Low,2026-09-22,completed,45
MT-00118,AST-0045,Bridge,Engineering,COR-005,5.9,10,2,1,100,7.9,0.242,2.3,67,0.673,High,2026-09-10,pending,240
MT-00119,AST-0648,Track,Engineering,COR-010,7.6,7,1,4,20,5.8,0.152,4.9,46,0.456,Low,2026-09-16,completed,90
MT-00120,AST-0722,Track,Engineering,COR-009,5.1,8,1,0,26,7.2,0.171,11.1,43,0.432,Low,2026-09-21,pending,135
MT-00121,AST-0496,Track,Engineering,COR-005,4.9,9,2,2,100,5.1,0.561,7.0,60,0.596,Medium,2026-09-14,completed,165
MT-00122,AST-0198,Station Equipment,S&T,COR-008,1.8,5,0,1,69,1.6,0.06,6.7,36,0.362,Low,2026-10-06,completed,150
MT-00123,AST-0101,Station Equipment,S&T,COR-002,6.0,4,0,2,26,4.3,0.198,10.1,39,0.391,Low,2026-10-16,overdue,195
MT-00124,AST-0181,Signal,S&T,COR-005,4.6,9,3,1,100,5.5,0.44,13.5,59,0.592,Medium,2026-09-15,pending,195
MT-00125,AST-0170,Station Equipment,S&T,COR-007,7.2,5,2,2,45,4.1,0.438,20.8,53,0.526,Low,2026-09-12,completed,195
MT-00126,AST-0030,Track,Engineering,COR-005,9.2,8,3,15,100,7.0,0.627,6.8,78,0.78,Critical,2026-09-08,pending,210
MT-00127,AST-0283,Bridge,Engineering,COR-007,2.9,9,1,0,45,4.9,0.273,20.0,47,0.471,Low,2026-09-17,in_progress,150
MT-00128,AST-0765,Track,Engineering,COR-009,7.2,8,2,5,26,6.9,0.485,10.8,62,0.62,Medium,2026-09-20,completed,210
MT-00129,AST-0191,Signal,S&T,COR-009,7.5,9,1,2,26,6.9,0.248,19.6,59,0.587,Medium,2026-09-20,in_progress,240
MT-00130,AST-0727,Station Equipment,S&T,COR-010,8.0,5,3,13,20,5.2,0.456,18.5,55,0.546,Medium,2026-09-15,pending,210
MT-00131,AST-0739,OHE,Traction Distribution,COR-007,2.0,7,3,1,45,4.3,0.209,9.8,33,0.33,Low,2026-10-11,completed,30
MT-00132,AST-0013,Track,Engineering,COR-006,3.9,9,2,7,73,7.1,0.324,7.9,55,0.547,Medium,2026-09-13,completed,150
MT-00133,AST-0647,OHE,Traction Distribution,COR-003,3.5,6,0,6,32,5.9,0.332,11.9,40,0.396,Low,2026-09-14,in_progress,120
MT-00134,AST-0489,OHE,Traction Distribution,COR-009,6.1,7,1,2,26,6.1,0.2,16.5,41,0.408,Low,2026-09-18,in_progress,150
MT-00135,AST-0444,OHE,Traction Distribution,COR-010,5.6,6,0,12,20,5.5,0.192,11.6,51,0.507,Low,2026-09-19,completed,135
MT-00136,AST-0107,Track,Engineering,COR-007,1.9,8,3,11,45,4.6,0.499,13.0,49,0.487,Low,2026-09-20,pending,30
MT-00137,AST-0623,Signal,S&T,COR-007,4.9,10,1,12,45,7.4,0.333,7.7,66,0.657,High,2026-09-09,pending,195
MT-00138,AST-0498,OHE,Traction Distribution,COR-006,8.9,8,3,12,73,8.0,0.683,32.8,80,0.799,Critical,2026-09-06,in_progress,135
MT-00139,AST-0350,Track,Engineering,COR-007,5.4,8,2,11,45,7.5,0.073,6.0,52,0.518,Low,2026-09-19,completed,135
MT-00140,AST-0487,Signal,S&T,COR-009,5.9,8,2,9,26,4.5,0.356,21.0,47,0.472,Low,2026-09-16,pending,240
MT-00141,AST-0235,OHE,Traction Distribution,COR-002,4.3,6,0,14,26,4.5,0.136,4.2,45,0.445,Low,2026-09-14,pending,180
MT-00142,AST-0530,OHE,Traction Distribution,COR-007,4.4,7,5,4,45,5.6,0.459,4.0,45,0.447,Low,2026-09-15,overdue,60
MT-00143,AST-0006,Track,Engineering,COR-001,6.8,8,2,11,45,6.7,0.62,18.0,61,0.61,Medium,2026-09-20,completed,30
MT-00144,AST-0050,Track,Engineering,COR-002,4.5,7,1,10,26,4.4,0.133,11.0,54,0.54,Medium,2026-09-13,completed,135
MT-00145,AST-0439,Track,Engineering,COR-008,5.6,7,0,7,69,4.4,0.211,2.0,45,0.449,Low,2026-09-18,completed,60
MT-00146,AST-0333,Track,Engineering,COR-005,7.4,8,2,12,100,7.8,0.525,9.6,86,0.858,Critical,2026-09-03,overdue,60
MT-00147,AST-0618,Track,Engineering,COR-005,5.2,9,0,0,100,5.8,0.298,7.0,58,0.577,Medium,2026-09-19,in_progress,30
MT-00148,AST-0183,Signal,S&T,COR-010,8.3,8,2,17,20,5.6,0.585,40.0,71,0.71,High,2026-09-06,pending,180
MT-00149,AST-0688,Track,Engineering,COR-010,3.4,7,0,1,20,5.7,0.077,11.4,40,0.397,Low,2026-09-22,completed,90
MT-00150,AST-0422,Track,Engineering,COR-007,1.7,8,0,5,45,5.1,0.0,4.7,42,0.424,Low,2026-09-21,overdue,165
MT-00151,AST-0600,Track,Engineering,COR-006,6.6,9,1,13,73,7.0,0.304,6.4,77,0.771,Critical,2026-09-11,completed,120
MT-00152,AST-0662,Station Equipment,S&T,COR-005,6.6,5,1,1,100,4.2,0.609,10.3,48,0.482,Low,2026-09-15,pending,165
MT-00153,AST-0261,Signal,S&T,COR-003,7.0,9,4,21,32,7.2,0.443,19.0,68,0.681,High,2026-09-10,overdue,150
MT-00154,AST-0476,Station Equipment,S&T,COR-001,4.1,5,2,3,45,5.4,0.479,20.8,39,0.386,Low,2026-09-26,completed,195
MT-00155,AST-0589,OHE,Traction Distribution,COR-004,8.8,7,3,6,48,5.4,0.354,12.1,51,0.506,Low,2026-09-15,pending,120
MT-00156,AST-0234,OHE,Traction Distribution,COR-003,5.8,7,0,2,32,4.3,0.172,5.5,39,0.39,Low,2026-09-26,overdue,150
MT-00157,AST-0332,Track,Engineering,COR-002,5.1,8,0,0,26,5.4,0.185,14.4,51,0.511,Low,2026-09-12,completed,135
MT-00158,AST-0775,Track,Engineering,COR-010,3.3,7,1,3,20,4.8,0.139,4.9,36,0.357,Low,2026-10-01,completed,195
MT-00159,AST-0226,Signal,S&T,COR-002,7.3,9,0,0,26,6.9,0.301,5.5,62,0.623,Medium,2026-09-18,overdue,45
MT-00160,AST-0470,Track,Engineering,COR-003,3.0,8,1,2,32,5.8,0.179,2.4,51,0.511,Low,2026-09-21,pending,30
MT-00161,AST-0086,Track,Engineering,COR-001,8.5,7,1,2,45,8.0,0.225,13.2,72,0.716,High,2026-09-06,completed,120
MT-00162,AST-0671,Track,Engineering,COR-009,4.8,8,1,11,26,6.2,0.292,1.6,63,0.632,Medium,2026-09-16,pending,120
MT-00163,AST-0477,OHE,Traction Distribution,COR-001,7.2,7,1,3,45,6.9,0.119,0.8,64,0.636,Medium,2026-09-19,completed,225
MT-00164,AST-0248,OHE,Traction Distribution,COR-009,3.7,6,0,1,26,4.8,0.061,2.3,35,0.349,Low,2026-09-27,completed,135
MT-00165,AST-0184,Signal,S&T,COR-006,9.4,10,2,3,73,8.8,0.686,9.5,78,0.775,Critical,2026-09-10,completed,90
MT-00166,AST-0634,Track,Engineering,COR-001,3.7,8,0,5,45,4.2,0.201,4.6,46,0.462,Low,2026-09-18,completed,60
MT-00167,AST-0077,Track,Engineering,COR-006,7.0,8,1,1,73,5.8,0.568,13.2,59,0.588,Medium,2026-09-18,completed,195
MT-00168,AST-0712,OHE,Traction Distribution,COR-008,6.3,7,4,1,69,4.7,0.136,7.2,48,0.485,Low,2026-09-13,pending,135
MT-00169,AST-0086,Track,Engineering,COR-001,5.9,7,1,0,45,5.7,0.262,13.2,49,0.493,Low,2026-09-13,pending,105
MT-00170,AST-0699,Signal,S&T,COR-004,6.5,8,0,4,48,6.8,0.18,0.3,52,0.519,Low,2026-09-21,pending,180
MT-00171,AST-0231,Signal,S&T,COR-005,7.6,10,4,13,100,6.6,0.88,15.8,76,0.761,Critical,2026-09-11,completed,60
MT-00172,AST-0316,OHE,Traction Distribution,COR-009,5.6,6,1,0,26,5.3,0.209,23.4,41,0.408,Low,2026-09-16,completed,30
MT-00173,AST-0576,OHE,Traction Distribution,COR-003,7.3,6,1,3,32,5.0,0.217,5.8,43,0.428,Low,2026-09-18,completed,60
MT-00174,AST-0401,OHE,Traction Distribution,COR-009,4.2,7,1,35,26,4.1,0.302,8.3,50,0.498,Low,2026-09-17,pending,90
MT-00175,AST-0036,OHE,Traction Distribution,COR-004,7.6,6,2,1,48,5.4,0.549,14.2,51,0.51,Low,2026-09-17,completed,240
MT-00176,AST-0590,Bridge,Engineering,COR-005,6.2,10,3,30,100,6.4,0.417,17.7,76,0.764,Critical,2026-09-10,in_progress,225
MT-00177,AST-0289,OHE,Traction Distribution,COR-004,4.9,6,0,5,48,5.6,0.149,1.7,51,0.509,Low,2026-09-18,overdue,60
MT-00178,AST-0630,Track,Engineering,COR-002,5.6,6,0,1,26,5.1,0.216,14.2,39,0.389,Low,2026-09-26,completed,30
MT-00179,AST-0728,Track,Engineering,COR-008,4.3,8,2,3,69,6.5,0.385,5.9,59,0.591,Medium,2026-09-12,in_progress,90
MT-00180,AST-0162,Signal,S&T,COR-005,4.5,10,1,8,100,6.4,0.197,5.5,65,0.653,High,2026-09-11,completed,165
MT-00181,AST-0046,Track,Engineering,COR-002,5.9,7,1,1,26,5.5,0.302,13.3,44,0.437,Low,2026-09-20,pending,120
MT-00182,AST-0629,Track,Engineering,COR-003,4.8,7,0,1,32,7.3,0.239,13.9,45,0.454,Low,2026-09-14,pending,240
MT-00183,AST-0476,Station Equipment,S&T,COR-001,8.6,5,2,3,45,4.3,0.436,20.8,44,0.44,Low,2026-09-12,completed,225
MT-00184,AST-0399,Signal,S&T,COR-002,6.6,9,1,2,26,8.4,0.26,12.3,57,0.565,Medium,2026-09-14,completed,120
MT-00185,AST-0046,Track,Engineering,COR-002,6.1,7,1,2,26,7.6,0.329,13.3,54,0.535,Medium,2026-09-18,pending,180
MT-00186,AST-0043,Signal,S&T,COR-005,4.1,10,1,17,100,7.4,0.27,19.3,76,0.76,Critical,2026-09-09,pending,150
MT-00187,AST-0291,Bridge,Engineering,COR-007,4.2,10,2,10,45,6.3,0.292,2.3,52,0.517,Low,2026-09-13,in_progress,240
MT-00188,AST-0096,Station Equipment,S&T,COR-002,7.4,4,1,1,26,6.4,0.062,15.1,32,0.324,Low,2026-09-27,pending,240
MT-00189,AST-0184,Signal,S&T,COR-006,5.2,10,2,10,73,6.8,0.654,9.5,67,0.67,High,2026-09-07,pending,165
MT-00190,AST-0231,Signal,S&T,COR-005,8.6,10,4,15,100,7.7,0.856,15.8,95,0.946,Critical,2026-09-04,in_progress,165
MT-00191,AST-0266,Track,Engineering,COR-003,6.2,8,0,2,32,6.1,0.351,8.7,51,0.513,Low,2026-09-14,overdue,195
MT-00192,AST-0270,Signal,S&T,COR-008,4.5,10,1,28,69,6.2,0.16,8.4,63,0.628,Medium,2026-09-17,pending,210
MT-00193,AST-0342,Signal,S&T,COR-004,2.8,9,1,2,48,4.7,0.0,8.2,33,0.333,Low,2026-09-23,pending,60
MT-00194,AST-0002,Track,Engineering,COR-005,4.9,9,2,3,100,7.6,0.449,10.1,60,0.601,Medium,2026-09-22,pending,240
MT-00195,AST-0288,OHE,Traction Distribution,COR-006,5.1,7,2,4,73,4.8,0.412,3.7,48,0.485,Low,2026-09-21,pending,120
MT-00196,AST-0209,Track,Engineering,COR-010,2.9,8,0,4,20,5.1,0.0,0.9,42,0.422,Low,2026-09-15,completed,30
MT-00197,AST-0561,Signal,S&T,COR-009,6.9,8,0,25,26,5.3,0.083,8.5,64,0.643,Medium,2026-09-20,pending,75
MT-00198,AST-0666,OHE,Traction Distribution,COR-002,5.2,6,0,5,26,5.1,0.266,9.6,38,0.383,Low,2026-10-05,pending,210
MT-00199,AST-0498,OHE,Traction Distribution,COR-006,6.8,8,3,4,73,5.6,0.742,32.8,67,0.67,High,2026-09-06,overdue,75
MT-00200,AST-0162,Signal,S&T,COR-005,5.1,10,1,2,100,5.9,0.143,5.5,62,0.618,Medium,2026-09-15,completed,225
MT-00201,AST-0256,Signal,S&T,COR-010,5.4,8,0,3,20,6.1,0.0,7.5,38,0.377,Low,2026-09-24,pending,90
MT-00202,AST-0339,Track,Engineering,COR-007,5.2,8,1,1,45,7.1,0.342,14.4,50,0.498,Low,2026-09-19,pending,120
MT-00203,AST-0577,Track,Engineering,COR-008,7.1,8,3,3,69,7.3,0.372,7.3,62,0.623,Medium,2026-09-20,completed,120
MT-00204,AST-0462,Station Equipment,S&T,COR-004,2.8,5,0,3,48,4.1,0.186,14.4,36,0.356,Low,2026-10-07,completed,210
MT-00205,AST-0267,Bridge,Engineering,COR-007,7.4,10,3,24,45,7.8,0.259,10.7,64,0.644,Medium,2026-09-12,overdue,240
MT-00206,AST-0437,Signal,S&T,COR-004,5.9,10,2,44,48,7.0,0.385,15.5,72,0.721,High,2026-09-07,pending,180
MT-00207,AST-0507,Bridge,Engineering,COR-008,5.6,10,3,14,69,8.0,0.375,0.8,74,0.742,High,2026-09-08,completed,210
MT-00208,AST-0540,Track,Engineering,COR-002,2.9,7,0,3,26,4.1,0.0,1.5,42,0.416,Low,2026-09-13,pending,75
MT-00209,AST-0157,Bridge,Engineering,COR-001,3.5,10,3,12,45,7.2,0.295,7.6,56,0.563,Medium,2026-09-13,pending,210
MT-00210,AST-0009,Station Equipment,S&T,COR-002,2.4,5,1,0,26,4.7,0.271,1.2,27,0.27,Low,2026-09-30,completed,120
MT-00211,AST-0760,Station Equipment,S&T,COR-008,6.9,6,1,2,69,4.9,0.752,40.0,55,0.548,Medium,2026-09-18,completed,180
MT-00212,AST-0482,Station Equipment,S&T,COR-004,6.3,5,3,1,48,4.3,0.324,15.8,44,0.439,Low,2026-09-12,pending,60
MT-00213,AST-0613,OHE,Traction Distribution,COR-010,2.5,6,0,2,20,3.5,0.081,5.0,29,0.295,Low,2026-10-16,pending,105
MT-00214,AST-0429,Track,Engineering,COR-005,2.5,9,0,3,100,4.0,0.187,6.8,52,0.523,Low,2026-09-17,completed,195
MT-00215,AST-0767,OHE,Traction Distribution,COR-010,4.4,6,1,3,20,4.3,0.347,16.8,33,0.331,Low,2026-09-27,pending,45
MT-00216,AST-0299,Track,Engineering,COR-007,4.2,9,0,1,45,7.5,0.211,6.5,51,0.511,Low,2026-09-12,pending,165
MT-00217,AST-0349,Signal,S&T,COR-003,6.3,9,3,8,32,6.0,0.562,37.5,57,0.568,Medium,2026-09-22,pending,210
MT-00218,AST-0520,Track,Engineering,COR-008,5.0,9,1,1,69,7.8,0.116,16.0,53,0.529,Low,2026-09-18,pending,225
MT-00219,AST-0754,Signal,S&T,COR-010,7.0,9,2,0,20,6.9,0.273,17.3,59,0.591,Medium,2026-09-21,completed,150
MT-00220,AST-0144,Track,Engineering,COR-003,6.6,8,0,2,32,8.8,0.146,5.8,46,0.46,Low,2026-09-20,pending,90
MT-00221,AST-0641,Track,Engineering,COR-004,9.7,7,2,2,48,6.7,0.541,36.5,60,0.6,Medium,2026-09-22,in_progress,105
MT-00222,AST-0211,Bridge,Engineering,COR-004,3.0,10,2,3,48,6.1,0.276,11.2,43,0.432,Low,2026-09-21,completed,195
MT-00223,AST-0232,Signal,S&T,COR-005,6.6,9,2,3,100,6.2,0.789,38.5,70,0.698,High,2026-09-10,pending,195
MT-00224,AST-0689,Track,Engineering,COR-002,6.9,7,1,3,26,5.6,0.413,8.6,55,0.551,Medium,2026-09-21,completed,195
MT-00225,AST-0449,Bridge,Engineering,COR-008,5.8,10,4,21,69,8.7,0.508,20.7,77,0.774,Critical,2026-09-11,pending,195
MT-00226,AST-0045,Bridge,Engineering,COR-005,6.4,10,2,1,100,8.0,0.133,2.3,63,0.63,Medium,2026-09-14,completed,75
MT-00227,AST-0522,OHE,Traction Distribution,COR-004,5.1,6,0,1,48,6.1,0.216,3.7,50,0.5,Low,2026-09-18,completed,225
MT-00228,AST-0441,OHE,Traction Distribution,COR-009,9.5,7,1,5,26,6.0,0.585,34.0,62,0.62,Medium,2026-09-22,completed,225
MT-00229,AST-0177,OHE,Traction Distribution,COR-007,6.4,7,0,29,45,6.7,0.205,9.0,67,0.67,High,2026-09-11,pending,180
MT-00230,AST-0640,Track,Engineering,COR-004,7.1,8,4,0,48,5.9,0.201,15.7,54,0.538,Medium,2026-09-13,completed,165
MT-00231,AST-0428,Signal,S&T,COR-003,4.3,8,0,2,32,4.4,0.183,16.2,27,0.269,Low,2026-09-25,completed,120
MT-00232,AST-0518,OHE,Traction Distribution,COR-010,5.9,6,2,11,20,5.6,0.434,9.0,52,0.516,Low,2026-09-14,pending,195
MT-00233,AST-0145,Track,Engineering,COR-010,3.5,6,0,3,20,4.6,0.0,2.3,28,0.276,Low,2026-10-10,pending,150
MT-00234,AST-0012,Signal,S&T,COR-004,3.1,10,4,4,48,6.3,0.243,22.6,47,0.466,Low,2026-09-16,pending,120
MT-00235,AST-0161,Track,Engineering,COR-002,7.0,7,0,1,26,7.0,0.01,1.9,53,0.528,Low,2026-09-18,pending,225
MT-00236,AST-0549,Signal,S&T,COR-003,6.2,8,2,0,32,7.4,0.276,0.8,47,0.474,Low,2026-09-13,pending,30
MT-00237,AST-0070,Track,Engineering,COR-004,4.4,8,0,12,48,7.2,0.211,4.8,67,0.665,High,2026-09-06,overdue,30
MT-00238,AST-0364,Signal,S&T,COR-003,6.1,8,0,4,32,5.2,0.058,7.1,40,0.4,Low,2026-09-20,overdue,150
MT-00239,AST-0606,Signal,S&T,COR-009,4.2,9,2,1,26,7.7,0.297,8.7,42,0.424,Low,2026-09-15,pending,180
MT-00240,AST-0050,Track,Engineering,COR-002,1.4,7,1,2,26,5.9,0.107,11.0,37,0.374,Low,2026-09-24,overdue,225
MT-00241,AST-0367,Signal,S&T,COR-008,6.5,9,1,8,69,6.7,0.17,16.9,61,0.608,Medium,2026-09-14,completed,150
MT-00242,AST-0491,Station Equipment,S&T,COR-006,4.5,4,4,8,73,2.1,0.534,14.0,47,0.472,Low,2026-09-15,in_progress,75
MT-00243,AST-0437,Signal,S&T,COR-004,5.6,10,2,9,48,5.9,0.45,15.5,62,0.619,Medium,2026-09-16,overdue,210
MT-00244,AST-0736,Signal,S&T,COR-004,6.3,9,1,6,48,6.6,0.403,6.1,59,0.593,Medium,2026-09-21,completed,150
MT-00245,AST-0648,Track,Engineering,COR-010,5.6,7,1,3,20,7.8,0.292,4.9,47,0.467,Low,2026-09-14,in_progress,60
MT-00246,AST-0093,OHE,Traction Distribution,COR-006,6.1,8,0,0,73,6.5,0.083,9.1,52,0.519,Low,2026-09-18,pending,120
MT-00247,AST-0496,Track,Engineering,COR-005,7.3,9,2,1,100,6.8,0.401,7.0,68,0.68,High,2026-09-07,pending,105
MT-00248,AST-0691,Signal,S&T,COR-010,6.9,8,2,19,20,6.1,0.458,4.3,71,0.71,High,2026-09-08,overdue,135
MT-00249,AST-0689,Track,Engineering,COR-002,4.6,7,1,10,26,4.0,0.323,8.6,46,0.463,Low,2026-09-15,pending,180
MT-00250,AST-0560,Track,Engineering,COR-004,4.6,7,0,0,48,6.2,0.121,4.4,40,0.402,Low,2026-09-15,pending,150
MT-00251,AST-0639,Track,Engineering,COR-004,4.4,8,1,10,48,5.7,0.622,24.9,56,0.557,Medium,2026-09-18,pending,225
MT-00252,AST-0462,Station Equipment,S&T,COR-004,7.3,5,0,2,48,7.5,0.244,14.4,57,0.572,Medium,2026-09-18,in_progress,90
MT-00253,AST-0212,Track,Engineering,COR-008,3.7,8,1,1,69,6.1,0.427,6.8,53,0.532,Low,2026-09-13,pending,30
MT-00254,AST-0106,OHE,Traction Distribution,COR-010,3.8,6,0,1,20,5.3,0.025,6.3,24,0.235,Low,2026-09-26,overdue,60
MT-00255,AST-0078,OHE,Traction Distribution,COR-009,4.2,8,0,17,26,5.4,0.37,25.3,45,0.452,Low,2026-09-14,pending,165
MT-00256,AST-0537,Signal,S&T,COR-005,6.0,10,4,11,100,6.3,0.717,16.3,72,0.717,High,2026-09-11,completed,195
MT-00257,AST-0068,Station Equipment,S&T,COR-001,4.9,5,2,0,45,3.6,0.108,8.8,35,0.353,Low,2026-09-30,in_progress,135
MT-00258,AST-0562,OHE,Traction Distribution,COR-004,4.8,7,2,8,48,4.1,0.416,4.5,50,0.505,Low,2026-09-18,in_progress,240
MT-00259,AST-0491,Station Equipment,S&T,COR-006,8.4,4,4,0,73,6.3,0.543,14.0,56,0.559,Medium,2026-09-16,pending,180
MT-00260,AST-0417,Bridge,Engineering,COR-010,5.5,9,1,12,20,6.3,0.233,12.3,56,0.555,Medium,2026-09-15,pending,105
MT-00261,AST-0034,Track,Engineering,COR-008,5.3,10,0,7,69,8.1,0.421,15.1,73,0.733,High,2026-09-06,completed,135
MT-00262,AST-0332,Track,Engineering,COR-002,5.3,8,0,6,26,6.3,0.33,14.4,55,0.553,Medium,2026-09-16,completed,150
MT-00263,AST-0069,Track,Engineering,COR-008,10.0,7,3,0,69,7.2,0.814,24.8,67,0.673,High,2026-09-11,pending,75
MT-00264,AST-0231,Signal,S&T,COR-005,9.9,10,4,1,100,7.8,0.952,15.8,86,0.865,Critical,2026-09-05,overdue,30
MT-00265,AST-0608,Track,Engineering,COR-001,3.5,7,3,4,45,5.2,0.34,9.7,36,0.363,Low,2026-09-30,completed,225
MT-00266,AST-0638,OHE,Traction Distribution,COR-002,4.2,7,0,2,26,5.0,0.266,19.7,40,0.398,Low,2026-09-17,pending,30
MT-00267,AST-0764,Signal,S&T,COR-006,5.9,9,1,4,73,7.8,0.192,12.1,61,0.608,Medium,2026-09-15,completed,165
MT-00268,AST-0574,OHE,Traction Distribution,COR-003,5.8,6,1,3,32,4.6,0.313,3.4,47,0.465,Low,2026-09-22,completed,75
MT-00269,AST-0079,Station Equipment,S&T,COR-005,5.5,6,2,17,100,5.8,0.538,12.6,58,0.583,Medium,2026-09-18,completed,195
MT-00270,AST-0428,Signal,S&T,COR-003,6.1,8,0,1,32,8.1,0.211,16.2,49,0.492,Low,2026-09-22,pending,225
MT-00271,AST-0589,OHE,Traction Distribution,COR-004,4.5,7,3,3,48,5.6,0.419,12.1,50,0.498,Low,2026-09-21,pending,120
MT-00272,AST-0401,OHE,Traction Distribution,COR-009,7.4,7,1,2,26,7.2,0.229,8.3,53,0.527,Low,2026-09-15,pending,45
MT-00273,AST-0370,OHE,Traction Distribution,COR-002,7.4,7,0,17,26,7.0,0.558,16.1,71,0.707,High,2026-09-08,pending,60
MT-00274,AST-0635,Station Equipment,S&T,COR-002,3.9,5,1,6,26,6.0,0.335,24.4,46,0.457,Low,2026-09-18,pending,30
MT-00275,AST-0411,OHE,Traction Distribution,COR-007,4.3,7,1,1,45,5.6,0.209,10.1,42,0.42,Low,2026-09-14,completed,90
MT-00276,AST-0381,Signal,S&T,COR-007,4.8,9,0,3,45,7.1,0.388,12.5,57,0.574,Medium,2026-09-21,in_progress,30
MT-00277,AST-0521,Track,Engineering,COR-001,6.5,8,2,2,45,6.6,0.387,10.0,53,0.529,Low,2026-09-18,pending,135
MT-00278,AST-0693,Bridge,Engineering,COR-005,7.4,10,3,6,100,7.2,0.782,19.2,78,0.78,Critical,2026-09-07,in_progress,30
MT-00279,AST-0607,Signal,S&T,COR-009,4.7,8,2,5,26,4.7,0.413,32.1,52,0.516,Low,2026-09-17,pending,180
MT-00280,AST-0720,Signal,S&T,COR-005,4.9,10,0,11,100,8.2,0.635,17.0,75,0.753,Critical,2026-09-10,pending,30
MT-00281,AST-0407,Track,Engineering,COR-006,6.3,9,3,4,73,6.0,0.288,10.7,61,0.611,Medium,2026-09-16,completed,45
MT-00282,AST-0185,OHE,Traction Distribution,COR-004,6.0,6,1,15,48,6.1,0.285,22.1,62,0.621,Medium,2026-09-19,completed,45
MT-00283,AST-0182,Bridge,Engineering,COR-007,6.6,8,0,7,45,7.1,0.5,17.0,65,0.647,High,2026-09-11,pending,195
MT-00284,AST-0547,Signal,S&T,COR-002,4.6,9,0,1,26,7.3,0.03,5.0,51,0.51,Low,2026-09-15,completed,105
MT-00285,AST-0781,Signal,S&T,COR-006,4.5,9,0,6,73,5.8,0.344,6.0,69,0.692,High,2026-09-11,completed,120
MT-00286,AST-0261,Signal,S&T,COR-003,6.5,9,4,6,32,6.3,0.468,19.0,62,0.621,Medium,2026-09-16,completed,90
MT-00287,AST-0045,Bridge,Engineering,COR-005,9.1,10,2,1,100,9.0,0.232,2.3,70,0.7,High,2026-09-09,overdue,30
MT-00288,AST-0312,Track,Engineering,COR-005,6.6,8,0,0,100,6.3,0.166,3.7,59,0.592,Medium,2026-09-20,pending,30
MT-00289,AST-0277,Signal,S&T,COR-010,4.2,9,0,1,20,4.9,0.116,12.1,43,0.427,Low,2026-09-12,pending,60
MT-00290,AST-0434,Track,Engineering,COR-004,3.6,9,1,2,48,7.9,0.066,8.2,51,0.513,Low,2026-09-19,completed,225
MT-00291,AST-0275,Track,Engineering,COR-008,1.0,8,1,0,69,3.6,0.108,3.9,42,0.424,Low,2026-09-18,in_progress,45
MT-00292,AST-0185,OHE,Traction Distribution,COR-004,7.3,6,1,0,48,4.9,0.303,22.1,38,0.378,Low,2026-10-08,pending,90
MT-00293,AST-0662,Station Equipment,S&T,COR-005,7.7,5,1,6,100,5.3,0.541,10.3,70,0.696,High,2026-09-11,pending,195
MT-00294,AST-0122,OHE,Traction Distribution,COR-004,4.9,7,3,1,48,6.7,0.364,26.4,57,0.569,Medium,2026-09-17,pending,165
MT-00295,AST-0407,Track,Engineering,COR-006,3.1,9,3,18,73,3.6,0.305,10.7,61,0.606,Medium,2026-09-22,pending,105
MT-00296,AST-0019,Signal,S&T,COR-004,3.1,9,0,4,48,6.9,0.127,6.6,51,0.512,Low,2026-09-18,pending,120
MT-00297,AST-0248,OHE,Traction Distribution,COR-009,4.7,6,0,1,26,4.0,0.047,2.3,33,0.328,Low,2026-09-28,overdue,75
MT-00298,AST-0006,Track,Engineering,COR-001,6.7,8,2,34,45,6.9,0.543,18.0,70,0.703,High,2026-09-09,pending,120
MT-00299,AST-0646,Track,Engineering,COR-004,7.4,8,0,6,48,6.3,0.409,24.9,64,0.636,Medium,2026-09-14,completed,180
MT-00300,AST-0480,Station Equipment,S&T,COR-008,5.6,6,0,13,69,7.2,0.375,15.6,64,0.644,Medium,2026-09-21,pending,135
MT-00301,AST-0158,Track,Engineering,COR-004,8.1,8,0,6,48,7.4,0.545,8.5,69,0.686,High,2026-09-06,pending,180
MT-00302,AST-0401,OHE,Traction Distribution,COR-009,5.9,7,1,3,26,5.2,0.319,8.3,49,0.491,Low,2026-09-17,overdue,30
MT-00303,AST-0247,Bridge,Engineering,COR-004,7.4,10,1,21,48,7.7,0.442,22.3,79,0.793,Critical,2026-09-10,pending,240
MT-00304,AST-0069,Track,Engineering,COR-008,4.8,7,3,14,69,5.5,0.819,24.8,68,0.685,High,2026-09-06,pending,105
MT-00305,AST-0239,Track,Engineering,COR-007,3.4,8,4,5,45,5.5,0.261,8.1,42,0.417,Low,2026-09-17,completed,135
MT-00306,AST-0103,Station Equipment,S&T,COR-010,4.1,4,0,2,20,4.1,0.168,4.0,35,0.347,Low,2026-10-05,pending,90
MT-00307,AST-0718,Track,Engineering,COR-007,8.6,8,3,7,45,7.4,0.638,21.7,77,0.77,Critical,2026-09-08,pending,75
MT-00308,AST-0451,OHE,Traction Distribution,COR-009,7.1,6,0,4,26,4.5,0.018,15.6,43,0.427,Low,2026-09-19,overdue,45
MT-00309,AST-0089,Signal,S&T,COR-010,4.6,8,1,5,20,5.5,0.27,10.6,54,0.536,Medium,2026-09-15,pending,105
MT-00310,AST-0092,OHE,Traction Distribution,COR-004,6.4,7,7,6,48,6.7,0.663,21.3,55,0.55,Medium,2026-09-16,completed,105
MT-00311,AST-0440,Bridge,Engineering,COR-007,2.2,10,2,2,45,5.2,0.202,9.4,44,0.439,Low,2026-09-15,pending,180
MT-00312,AST-0017,Track,Engineering,COR-003,6.9,8,4,1,32,7.4,0.227,13.4,48,0.481,Low,2026-09-18,pending,240
MT-00313,AST-0495,Track,Engineering,COR-001,3.5,8,1,1,45,5.4,0.0,6.9,47,0.466,Low,2026-09-21,in_progress,30
MT-00314,AST-0381,Signal,S&T,COR-007,10.0,9,0,2,45,8.3,0.319,12.5,74,0.737,High,2026-09-07,completed,150
MT-00315,AST-0646,Track,Engineering,COR-004,5.1,8,0,0,48,7.2,0.449,24.9,50,0.504,Low,2026-09-16,pending,195
MT-00316,AST-0105,Signal,S&T,COR-004,8.0,9,2,4,48,6.0,0.161,3.7,64,0.639,Medium,2026-09-14,completed,180
MT-00317,AST-0606,Signal,S&T,COR-009,6.5,9,2,7,26,6.4,0.25,8.7,64,0.644,Medium,2026-09-14,completed,105
MT-00318,AST-0074,Signal,S&T,COR-005,3.2,10,3,11,100,7.5,0.214,2.2,65,0.654,High,2026-09-11,in_progress,210
MT-00319,AST-0429,Track,Engineering,COR-005,5.4,9,0,21,100,8.5,0.2,6.8,75,0.747,Critical,2026-09-10,in_progress,60
MT-00320,AST-0696,OHE,Traction Distribution,COR-003,5.2,6,0,5,32,7.4,0.001,4.0,49,0.486,Low,2026-09-22,completed,75
MT-00321,AST-0296,Track,Engineering,COR-008,6.0,8,2,5,69,6.5,0.44,14.9,55,0.555,Medium,2026-09-18,completed,195
MT-00322,AST-0207,Track,Engineering,COR-004,6.8,8,2,2,48,7.2,0.366,12.3,56,0.563,Medium,2026-09-19,pending,180
MT-00323,AST-0191,Signal,S&T,COR-009,6.7,9,1,6,26,8.0,0.208,19.6,68,0.685,High,2026-09-10,completed,75
MT-00324,AST-0387,Track,Engineering,COR-001,6.3,8,2,11,45,7.8,0.29,10.7,60,0.596,Medium,2026-09-19,in_progress,60
MT-00325,AST-0550,Station Equipment,S&T,COR-005,5.9,6,2,4,100,5.7,0.371,4.9,61,0.61,Medium,2026-09-21,overdue,165
MT-00326,AST-0343,OHE,Traction Distribution,COR-003,3.6,6,4,2,32,5.4,0.327,5.5,42,0.417,Low,2026-09-15,overdue,60
MT-00327,AST-0242,OHE,Traction Distribution,COR-008,6.0,7,0,13,69,6.4,0.431,12.7,63,0.626,Medium,2026-09-13,pending,240
MT-00328,AST-0266,Track,Engineering,COR-003,5.9,8,0,0,32,6.9,0.319,8.7,49,0.494,Low,2026-09-17,pending,60
MT-00329,AST-0676,OHE,Traction Distribution,COR-005,2.3,8,2,9,100,4.0,0.245,5.9,62,0.618,Medium,2026-09-12,in_progress,75
MT-00330,AST-0528,Signal,S&T,COR-001,6.2,9,5,1,45,6.7,0.462,21.2,58,0.58,Medium,2026-09-12,in_progress,120
MT-00331,AST-0673,Track,Engineering,COR-006,5.4,8,1,1,73,5.6,0.301,6.5,55,0.553,Medium,2026-09-12,completed,75
MT-00332,AST-0199,Signal,S&T,COR-008,3.1,8,1,5,69,4.1,0.333,9.1,56,0.562,Medium,2026-09-12,pending,150
MT-00333,AST-0469,Signal,S&T,COR-001,5.0,8,0,13,45,4.3,0.314,14.4,54,0.537,Medium,2026-09-19,completed,30
MT-00334,AST-0213,OHE,Traction Distribution,COR-008,5.1,8,3,4,69,5.6,0.316,3.1,49,0.486,Low,2026-09-18,overdue,135
MT-00335,AST-0546,Track,Engineering,COR-005,9.6,8,5,7,100,7.6,0.493,12.5,85,0.85,Critical,2026-09-05,overdue,120
MT-00336,AST-0534,Bridge,Engineering,COR-010,6.0,10,3,18,20,7.5,0.366,10.6,66,0.664,High,2026-09-07,pending,45
MT-00337,AST-0268,OHE,Traction Distribution,COR-010,7.3,7,0,1,20,7.0,0.295,13.7,53,0.531,Low,2026-09-15,overdue,135
MT-00338,AST-0304,Track,Engineering,COR-009,5.1,8,1,5,26,6.2,0.259,3.8,45,0.452,Low,2026-09-17,pending,30
MT-00339,AST-0140,Track,Engineering,COR-007,2.5,8,2,9,45,4.7,0.301,3.4,49,0.495,Low,2026-09-20,in_progress,180
MT-00340,AST-0037,OHE,Traction Distribution,COR-003,6.3,7,0,8,32,5.1,0.258,6.9,46,0.459,Low,2026-09-22,pending,195
MT-00341,AST-0457,Track,Engineering,COR-002,3.9,7,0,5,26,5.9,0.213,11.0,44,0.437,Low,2026-09-20,completed,150
MT-00342,AST-0750,Station Equipment,S&T,COR-004,4.4,5,1,1,48,4.2,0.207,3.0,33,0.334,Low,2026-10-05,pending,150
MT-00343,AST-0684,OHE,Traction Distribution,COR-001,3.8,6,1,3,45,4.1,0.296,14.6,36,0.355,Low,2026-10-16,pending,45
MT-00344,AST-0766,Track,Engineering,COR-010,5.2,8,2,0,20,5.9,0.3,20.9,42,0.418,Low,2026-09-13,pending,120
MT-00345,AST-0712,OHE,Traction Distribution,COR-008,6.7,7,4,7,69,5.4,0.221,7.2,45,0.452,Low,2026-09-17,overdue,240
MT-00346,AST-0776,Track,Engineering,COR-009,6.2,9,2,1,26,6.4,0.28,15.8,44,0.441,Low,2026-09-14,in_progress,225
MT-00347,AST-0406,OHE,Traction Distribution,COR-006,8.5,8,0,0,73,6.8,0.4,14.4,65,0.645,High,2026-09-06,completed,165
MT-00348,AST-0127,Signal,S&T,COR-010,7.9,8,2,2,20,6.9,0.282,13.5,54,0.545,Medium,2026-09-16,completed,60
MT-00349,AST-0276,Signal,S&T,COR-008,2.3,9,0,4,69,6.1,0.275,16.1,45,0.446,Low,2026-09-20,pending,120
MT-00350,AST-0302,OHE,Traction Distribution,COR-002,4.3,7,5,2,26,5.6,0.516,20.6,47,0.471,Low,2026-09-15,pending,195
MT-00351,AST-0435,Signal,S&T,COR-007,2.5,8,1,6,45,6.5,0.251,13.0,43,0.429,Low,2026-09-21,pending,165
MT-00352,AST-0228,OHE,Traction Distribution,COR-005,8.1,8,1,3,100,8.5,0.642,18.5,76,0.759,Critical,2026-09-09,in_progress,150
MT-00353,AST-0546,Track,Engineering,COR-005,5.4,8,5,5,100,8.1,0.487,12.5,65,0.653,High,2026-09-10,overdue,75
MT-00354,AST-0777,Signal,S&T,COR-004,6.9,8,1,14,48,7.3,0.768,40.0,69,0.689,High,2026-09-07,pending,195
MT-00355,AST-0720,Signal,S&T,COR-005,6.8,10,0,4,100,8.3,0.609,17.0,73,0.733,High,2026-09-11,completed,30
MT-00356,AST-0787,Track,Engineering,COR-007,6.7,7,1,5,45,5.7,0.37,21.4,67,0.665,High,2026-09-07,completed,45
MT-00357,AST-0444,OHE,Traction Distribution,COR-010,2.5,6,0,2,20,4.8,0.164,11.6,28,0.283,Low,2026-10-01,overdue,30
MT-00358,AST-0594,Signal,S&T,COR-009,2.9,9,1,3,26,5.0,0.267,6.7,44,0.435,Low,2026-09-20,pending,225
MT-00359,AST-0104,Track,Engineering,COR-001,5.5,9,3,1,45,5.2,0.329,3.8,54,0.536,Medium,2026-09-19,overdue,195
MT-00360,AST-0585,OHE,Traction Distribution,COR-003,7.2,7,0,1,32,7.9,0.192,12.0,46,0.455,Low,2026-09-15,completed,90
MT-00361,AST-0153,Signal,S&T,COR-010,5.8,9,0,23,20,5.6,0.428,21.3,54,0.543,Medium,2026-09-14,in_progress,90
MT-00362,AST-0269,Track,Engineering,COR-010,4.0,8,1,6,20,6.0,0.21,10.9,43,0.428,Low,2026-09-16,completed,180
MT-00363,AST-0690,Station Equipment,S&T,COR-009,1.6,4,2,6,26,1.8,0.253,1.6,31,0.31,Low,2026-10-03,pending,120
MT-00364,AST-0227,Track,Engineering,COR-007,7.7,8,1,3,45,8.2,0.467,12.8,59,0.594,Medium,2026-09-12,completed,150
MT-00365,AST-0196,Track,Engineering,COR-003,4.2,7,0,2,32,6.4,0.31,6.7,43,0.426,Low,2026-09-14,completed,150
MT-00366,AST-0125,Signal,S&T,COR-002,3.4,9,1,7,26,6.4,0.348,8.6,55,0.551,Medium,2026-09-13,completed,60
MT-00367,AST-0609,Track,Engineering,COR-005,4.6,10,6,14,100,8.1,0.622,20.7,72,0.722,High,2026-09-06,completed,60
MT-00368,AST-0731,Station Equipment,S&T,COR-004,4.5,4,2,1,48,3.8,0.584,15.2,38,0.383,Low,2026-10-01,completed,60
MT-00369,AST-0338,Signal,S&T,COR-007,4.5,9,1,1,45,8.5,0.468,12.0,47,0.469,Low,2026-09-12,pending,75
MT-00370,AST-0716,Signal,S&T,COR-006,5.8,10,2,2,73,8.1,0.411,15.9,65,0.646,High,2026-09-10,pending,135
MT-00371,AST-0130,Signal,S&T,COR-006,4.3,9,0,8,73,5.3,0.418,6.2,60,0.601,Medium,2026-09-19,completed,105
MT-00372,AST-0497,Track,Engineering,COR-004,6.9,8,4,22,48,6.8,0.513,13.3,73,0.733,High,2026-09-07,completed,135
MT-00373,AST-0724,Signal,S&T,COR-004,5.1,10,0,9,48,6.9,0.318,13.0,56,0.557,Medium,2026-09-21,completed,30
MT-00374,AST-0556,Track,Engineering,COR-001,10.0,7,2,12,45,7.2,0.597,26.9,71,0.706,High,2026-09-09,pending,135
MT-00375,AST-0179,Track,Engineering,COR-006,4.0,8,5,1,73,3.9,0.567,14.8,43,0.427,Low,2026-09-15,in_progress,75
MT-00376,AST-0195,OHE,Traction Distribution,COR-005,6.2,9,1,2,100,7.4,0.321,6.2,62,0.622,Medium,2026-09-14,completed,180
MT-00377,AST-0112,Station Equipment,S&T,COR-006,5.7,5,1,15,73,3.4,0.351,1.4,62,0.62,Medium,2026-09-16,completed,30
MT-00378,AST-0137,Signal,S&T,COR-007,3.5,10,0,0,45,3.9,0.257,2.4,42,0.417,Low,2026-09-22,pending,135
MT-00379,AST-0763,Signal,S&T,COR-003,4.2,9,0,5,32,5.8,0.096,9.5,40,0.405,Low,2026-09-12,pending,75
MT-00380,AST-0575,Signal,S&T,COR-005,8.0,10,3,2,100,7.4,0.588,9.1,69,0.692,High,2026-09-06,completed,105
MT-00381,AST-0085,OHE,Traction Distribution,COR-010,4.7,6,0,3,20,4.0,0.104,11.0,28,0.279,Low,2026-10-02,completed,135
MT-00382,AST-0314,Track,Engineering,COR-009,7.9,7,1,0,26,3.6,0.3,16.8,38,0.379,Low,2026-10-15,pending,75
MT-00383,AST-0384,Track,Engineering,COR-003,1.7,8,1,10,32,3.8,0.242,14.8,46,0.459,Low,2026-09-15,in_progress,225
MT-00384,AST-0459,Signal,S&T,COR-009,3.4,9,0,2,26,5.7,0.146,4.0,35,0.349,Low,2026-10-10,pending,60
MT-00385,AST-0161,Track,Engineering,COR-002,7.0,7,0,9,26,5.7,0.188,1.9,55,0.546,Medium,2026-09-18,pending,225
MT-00386,AST-0255,Signal,S&T,COR-003,7.1,8,3,6,32,7.2,0.283,14.0,57,0.572,Medium,2026-09-14,pending,150
MT-00387,AST-0750,Station Equipment,S&T,COR-004,5.8,5,1,16,48,6.2,0.288,3.0,53,0.528,Low,2026-09-21,pending,60
MT-00388,AST-0708,OHE,Traction Distribution,COR-003,7.2,7,1,9,32,6.9,0.308,7.7,59,0.588,Medium,2026-09-13,completed,150
MT-00389,AST-0029,Bridge,Engineering,COR-010,1.7,9,0,0,20,6.2,0.15,13.8,32,0.316,Low,2026-10-05,pending,210
MT-00390,AST-0694,Bridge,Engineering,COR-006,7.2,10,0,4,73,9.0,0.474,11.4,75,0.745,Critical,2026-09-09,completed,45
MT-00391,AST-0080,Signal,S&T,COR-004,8.6,9,3,12,48,6.9,0.545,26.4,68,0.684,High,2026-09-10,in_progress,225
MT-00392,AST-0430,Track,Engineering,COR-002,4.7,7,0,6,26,5.8,0.369,23.5,46,0.458,Low,2026-09-21,pending,45
MT-00393,AST-0615,Track,Engineering,COR-001,10.0,8,4,20,45,9.0,0.476,15.8,76,0.758,Critical,2026-09-10,pending,45
MT-00394,AST-0330,OHE,Traction Distribution,COR-003,5.9,7,1,4,32,5.4,0.407,6.2,53,0.526,Low,2026-09-19,pending,105
MT-00395,AST-0042,Signal,S&T,COR-007,2.6,9,2,9,45,4.7,0.345,23.8,53,0.53,Low,2026-09-13,completed,60
MT-00396,AST-0293,Track,Engineering,COR-001,6.7,9,2,2,45,7.7,0.347,11.0,45,0.445,Low,2026-09-15,overdue,210
MT-00397,AST-0425,Track,Engineering,COR-010,3.3,7,0,6,20,3.3,0.064,5.1,37,0.375,Low,2026-10-01,completed,150
MT-00398,AST-0781,Signal,S&T,COR-006,7.3,9,0,3,73,6.3,0.357,6.0,53,0.531,Low,2026-09-16,completed,75
MT-00399,AST-0355,OHE,Traction Distribution,COR-002,7.6,7,0,3,26,5.9,0.589,30.2,52,0.523,Low,2026-09-13,completed,30
MT-00400,AST-0677,OHE,Traction Distribution,COR-001,4.0,7,2,7,45,5.6,0.204,2.8,47,0.469,Low,2026-09-13,completed,75
MT-00401,AST-0710,Signal,S&T,COR-010,7.1,9,2,14,20,7.6,0.197,3.4,61,0.609,Medium,2026-09-16,in_progress,30
MT-00402,AST-0060,Signal,S&T,COR-004,8.0,9,5,3,48,8.7,0.487,16.4,68,0.677,High,2026-09-10,completed,225
MT-00403,AST-0336,OHE,Traction Distribution,COR-007,4.8,7,2,0,45,4.5,0.453,29.0,47,0.471,Low,2026-09-21,pending,90
MT-00404,AST-0132,Track,Engineering,COR-010,4.2,8,2,1,20,4.7,0.163,9.2,35,0.347,Low,2026-10-15,pending,75
MT-00405,AST-0166,Signal,S&T,COR-005,8.2,9,5,2,100,8.3,0.665,27.5,69,0.694,High,2026-09-08,completed,135
MT-00406,AST-0371,Track,Engineering,COR-004,5.0,8,2,13,48,5.2,0.274,5.5,56,0.563,Medium,2026-09-21,completed,135
MT-00407,AST-0087,Signal,S&T,COR-005,6.8,9,5,14,100,6.6,0.682,5.7,70,0.697,High,2026-09-08,pending,120
MT-00408,AST-0687,Station Equipment,S&T,COR-009,4.5,4,1,1,26,1.9,0.128,5.9,25,0.248,Low,2026-10-04,overdue,60
MT-00409,AST-0015,Signal,S&T,COR-008,4.8,10,3,20,69,7.2,0.508,13.6,78,0.785,Critical,2026-09-07,pending,30
MT-00410,AST-0660,Signal,S&T,COR-001,2.2,8,2,9,45,6.4,0.41,10.0,43,0.434,Low,2026-09-18,completed,30
MT-00411,AST-0179,Track,Engineering,COR-006,7.1,8,5,25,73,5.8,0.529,14.8,71,0.707,High,2026-09-07,overdue,195
MT-00412,AST-0365,Track,Engineering,COR-002,1.0,7,0,1,26,4.9,0.044,7.0,26,0.263,Low,2026-10-04,pending,180
MT-00413,AST-0294,Track,Engineering,COR-006,4.6,9,2,8,73,6.3,0.46,12.4,72,0.718,High,2026-09-11,overdue,60
MT-00414,AST-0314,Track,Engineering,COR-009,2.9,7,1,5,26,2.9,0.354,16.8,35,0.354,Low,2026-10-06,completed,105
MT-00415,AST-0495,Track,Engineering,COR-001,1.8,8,1,2,45,3.8,0.161,6.9,34,0.34,Low,2026-09-30,completed,120
MT-00416,AST-0344,OHE,Traction Distribution,COR-005,6.2,8,0,1,100,5.5,0.316,3.1,52,0.521,Low,2026-09-19,overdue,105
MT-00417,AST-0582,Track,Engineering,COR-002,4.0,7,0,3,26,4.8,0.047,1.3,38,0.379,Low,2026-10-10,completed,225
MT-00418,AST-0729,Track,Engineering,COR-004,5.6,7,1,2,48,6.2,0.42,29.9,51,0.515,Low,2026-09-18,in_progress,225
MT-00419,AST-0268,OHE,Traction Distribution,COR-010,3.5,7,0,9,20,6.7,0.374,13.7,44,0.439,Low,2026-09-12,completed,105
MT-00420,AST-0539,Bridge,Engineering,COR-004,5.1,10,1,28,48,5.6,0.47,21.2,73,0.727,High,2026-09-07,pending,105
MT-00421,AST-0502,Station Equipment,S&T,COR-004,6.4,5,3,9,48,4.6,0.395,14.5,53,0.528,Low,2026-09-13,pending,210
MT-00422,AST-0291,Bridge,Engineering,COR-007,5.4,10,2,0,45,6.3,0.231,2.3,55,0.553,Medium,2026-09-22,pending,60
MT-00423,AST-0593,Track,Engineering,COR-007,5.9,8,2,2,45,5.1,0.0,9.4,44,0.439,Low,2026-09-15,pending,105
MT-00424,AST-0196,Track,Engineering,COR-003,6.9,7,0,2,32,6.4,0.343,6.7,51,0.514,Low,2026-09-17,completed,135
MT-00425,AST-0517,Bridge,Engineering,COR-008,6.2,10,1,9,69,7.5,0.535,17.7,69,0.692,High,2026-09-11,overdue,180
MT-00426,AST-0617,Signal,S&T,COR-003,1.9,9,0,12,32,3.4,0.175,17.4,52,0.521,Low,2026-09-22,overdue,180
MT-00427,AST-0136,Track,Engineering,COR-007,4.5,8,1,21,45,5.8,0.386,11.5,61,0.609,Medium,2026-09-14,pending,45
MT-00428,AST-0235,OHE,Traction Distribution,COR-002,4.7,6,0,5,26,3.7,0.276,4.2,40,0.404,Low,2026-09-21,in_progress,90
MT-00429,AST-0625,Signal,S&T,COR-003,4.2,8,3,3,32,5.7,0.364,26.0,44,0.441,Low,2026-09-19,in_progress,225
MT-00430,AST-0259,Station Equipment,S&T,COR-002,2.7,4,0,3,26,4.3,0.124,10.2,27,0.265,Low,2026-10-07,pending,30
MT-00431,AST-0073,Track,Engineering,COR-005,6.1,10,0,3,100,7.9,0.352,4.7,69,0.686,High,2026-09-07,in_progress,195
MT-00432,AST-0517,Bridge,Engineering,COR-008,10.0,10,1,3,69,9.2,0.475,17.7,79,0.793,Critical,2026-09-10,pending,240
MT-00433,AST-0513,Track,Engineering,COR-003,5.9,7,2,4,32,5.3,0.41,40.0,46,0.456,Low,2026-09-18,overdue,30
MT-00434,AST-0693,Bridge,Engineering,COR-005,7.7,10,3,0,100,8.1,0.771,19.2,74,0.738,High,2026-09-08,pending,90
MT-00435,AST-0626,OHE,Traction Distribution,COR-009,3.6,7,3,6,26,5.5,0.391,10.6,46,0.461,Low,2026-09-18,completed,195
MT-00436,AST-0533,Track,Engineering,COR-002,7.2,7,1,13,26,6.8,0.293,14.5,61,0.609,Medium,2026-09-14,completed,210
MT-00437,AST-0637,Signal,S&T,COR-009,7.3,7,1,21,26,6.3,0.417,13.0,54,0.544,Medium,2026-09-18,completed,60
MT-00438,AST-0478,Signal,S&T,COR-004,5.9,9,2,2,48,7.1,0.105,11.3,48,0.478,Low,2026-09-13,pending,75
MT-00439,AST-0544,Bridge,Engineering,COR-010,7.8,9,2,2,20,6.3,0.291,6.1,47,0.468,Low,2026-09-15,pending,60
MT-00440,AST-0369,OHE,Traction Distribution,COR-002,4.3,6,0,2,26,4.0,0.162,12.6,36,0.357,Low,2026-10-04,overdue,30
MT-00441,AST-0562,OHE,Traction Distribution,COR-004,5.2,7,2,5,48,6.3,0.329,4.5,47,0.468,Low,2026-09-13,pending,30
MT-00442,AST-0369,OHE,Traction Distribution,COR-002,7.8,6,0,3,26,7.0,0.154,12.6,47,0.465,Low,2026-09-22,pending,195
MT-00443,AST-0235,OHE,Traction Distribution,COR-002,5.9,6,0,1,26,5.5,0.268,4.2,36,0.357,Low,2026-10-14,overdue,195
MT-00444,AST-0151,Signal,S&T,COR-001,2.1,9,0,3,45,6.8,0.262,12.2,44,0.441,Low,2026-09-17,completed,225
MT-00445,AST-0671,Track,Engineering,COR-009,6.5,8,1,9,26,7.1,0.337,1.6,52,0.523,Low,2026-09-18,completed,210
MT-00446,AST-0115,OHE,Traction Distribution,COR-002,4.1,6,2,1,26,4.4,0.105,8.9,38,0.378,Low,2026-09-29,pending,225
MT-00447,AST-0163,Signal,S&T,COR-002,7.0,8,1,2,26,5.6,0.331,10.6,52,0.525,Low,2026-09-14,in_progress,90
MT-00448,AST-0085,OHE,Traction Distribution,COR-010,5.2,6,0,4,20,6.5,0.119,11.0,43,0.43,Low,2026-09-22,completed,105
MT-00449,AST-0080,Signal,S&T,COR-004,4.1,9,3,18,48,6.9,0.566,26.4,63,0.634,Medium,2026-09-16,pending,60
MT-00450,AST-0405,Station Equipment,S&T,COR-005,7.7,6,3,6,100,7.9,0.614,18.7,59,0.588,Medium,2026-09-22,pending,195
MT-00451,AST-0402,Track,Engineering,COR-006,7.0,8,4,1,73,9.0,0.539,24.8,61,0.613,Medium,2026-09-12,pending,150
MT-00452,AST-0395,OHE,Traction Distribution,COR-009,6.1,7,1,1,26,4.7,0.275,11.8,39,0.391,Low,2026-09-25,completed,90
MT-00453,AST-0001,Signal,S&T,COR-004,7.6,9,2,5,48,6.3,0.533,12.3,64,0.643,Medium,2026-09-17,pending,135
MT-00454,AST-0227,Track,Engineering,COR-007,8.6,8,1,27,45,4.6,0.537,12.8,73,0.733,High,2026-09-10,completed,210
MT-00455,AST-0676,OHE,Traction Distribution,COR-005,6.0,8,2,16,100,7.3,0.267,5.9,72,0.723,High,2026-09-08,pending,30
MT-00456,AST-0120,Track,Engineering,COR-009,4.6,7,0,4,26,6.0,0.145,3.8,50,0.496,Low,2026-09-21,pending,225
MT-00457,AST-0119,OHE,Traction Distribution,COR-009,7.3,6,1,8,26,6.0,0.264,12.8,49,0.494,Low,2026-09-13,overdue,90
MT-00458,AST-0157,Bridge,Engineering,COR-001,9.0,10,3,4,45,7.4,0.253,7.6,62,0.621,Medium,2026-09-21,overdue,240
MT-00459,AST-0426,OHE,Traction Distribution,COR-004,6.9,8,1,10,48,6.7,0.278,12.0,66,0.665,High,2026-09-08,completed,60
MT-00460,AST-0174,Station Equipment,S&T,COR-008,5.6,5,1,1,69,4.9,0.375,7.2,46,0.462,Low,2026-09-15,overdue,195
MT-00461,AST-0445,Track,Engineering,COR-005,5.2,9,0,10,100,7.4,0.085,9.0,64,0.644,Medium,2026-09-19,pending,30
MT-00462,AST-0215,OHE,Traction Distribution,COR-005,8.5,9,1,4,100,8.2,0.833,32.6,87,0.872,Critical,2026-09-05,in_progress,75
MT-00463,AST-0088,OHE,Traction Distribution,COR-009,5.9,7,1,12,26,6.5,0.329,14.1,58,0.585,Medium,2026-09-22,pending,240
MT-00464,AST-0477,OHE,Traction Distribution,COR-001,7.9,7,1,5,45,6.5,0.0,0.8,52,0.523,Low,2026-09-12,in_progress,210
MT-00465,AST-0244,OHE,Traction Distribution,COR-004,4.9,7,1,3,48,6.6,0.384,25.6,46,0.464,Low,2026-09-19,completed,90
MT-00466,AST-0377,Signal,S&T,COR-002,7.6,7,0,4,26,7.2,0.473,10.7,62,0.624,Medium,2026-09-15,completed,120
MT-00467,AST-0012,Signal,S&T,COR-004,5.3,10,4,5,48,5.9,0.332,22.6,58,0.58,Medium,2026-09-17,pending,30
MT-00468,AST-0407,Track,Engineering,COR-006,3.1,9,3,5,73,7.1,0.368,10.7,56,0.561,Medium,2026-09-17,pending,60
MT-00469,AST-0094,Track,Engineering,COR-010,4.0,8,0,10,20,6.8,0.048,2.7,52,0.518,Low,2026-09-20,overdue,45
MT-00470,AST-0360,Signal,S&T,COR-005,5.6,10,1,9,100,7.7,0.386,5.4,76,0.763,Critical,2026-09-08,in_progress,150
MT-00471,AST-0311,Bridge,Engineering,COR-005,7.9,10,2,2,100,8.4,0.548,21.3,76,0.763,Critical,2026-09-07,pending,165
MT-00472,AST-0683,Track,Engineering,COR-010,5.6,7,3,17,20,7.4,0.317,13.3,62,0.622,Medium,2026-09-17,pending,240
MT-00473,AST-0763,Signal,S&T,COR-003,2.4,9,0,2,32,3.8,0.012,9.5,38,0.384,Low,2026-10-09,pending,105
MT-00474,AST-0393,Track,Engineering,COR-003,8.1,9,2,1,32,9.0,0.344,9.6,63,0.627,Medium,2026-09-21,pending,165
MT-00475,AST-0679,Track,Engineering,COR-005,7.5,10,1,1,100,7.5,0.323,8.4,64,0.638,Medium,2026-09-12,pending,60
MT-00476,AST-0091,Bridge,Engineering,COR-002,7.5,9,4,2,26,8.6,0.234,1.9,66,0.659,High,2026-09-09,in_progress,135
MT-00477,AST-0146,Track,Engineering,COR-006,6.5,8,1,0,73,6.7,0.404,19.1,50,0.499,Low,2026-09-12,in_progress,225
MT-00478,AST-0145,Track,Engineering,COR-010,3.9,6,0,2,20,3.3,0.015,2.3,33,0.325,Low,2026-10-07,in_progress,135
MT-00479,AST-0584,OHE,Traction Distribution,COR-008,9.2,7,4,0,69,6.7,0.815,30.9,58,0.577,Medium,2026-09-18,pending,45
MT-00480,AST-0631,Signal,S&T,COR-005,5.9,10,3,3,100,8.4,0.543,15.9,70,0.696,High,2026-09-11,pending,240
MT-00481,AST-0057,OHE,Traction Distribution,COR-006,5.1,8,1,3,73,5.8,0.133,2.9,49,0.486,Low,2026-09-14,pending,105
MT-00482,AST-0246,Track,Engineering,COR-009,6.0,7,1,4,26,5.3,0.439,4.5,49,0.494,Low,2026-09-20,completed,120
MT-00483,AST-0773,Bridge,Engineering,COR-001,3.9,10,2,15,45,5.9,0.549,27.2,65,0.648,High,2026-09-10,completed,45
MT-00484,AST-0767,OHE,Traction Distribution,COR-010,6.0,6,1,0,20,6.0,0.42,16.8,38,0.379,Low,2026-10-08,pending,240
MT-00485,AST-0175,Bridge,Engineering,COR-005,5.4,10,0,8,100,8.9,0.475,2.6,73,0.735,High,2026-09-09,in_progress,180
MT-00486,AST-0068,Station Equipment,S&T,COR-001,4.5,5,2,0,45,2.2,0.144,8.8,38,0.384,Low,2026-10-06,completed,165
MT-00487,AST-0241,Track,Engineering,COR-007,6.7,9,3,13,45,10.0,0.355,29.2,64,0.639,Medium,2026-09-12,in_progress,45
MT-00488,AST-0728,Track,Engineering,COR-008,7.6,8,2,1,69,7.2,0.372,5.9,55,0.552,Medium,2026-09-20,completed,165
MT-00489,AST-0797,Signal,S&T,COR-005,5.0,9,3,6,100,7.1,0.509,6.7,71,0.709,High,2026-09-08,overdue,30
MT-00490,AST-0685,Track,Engineering,COR-006,7.0,9,2,14,73,6.9,0.719,14.1,75,0.754,Critical,2026-09-06,pending,135
MT-00491,AST-0293,Track,Engineering,COR-001,4.9,9,2,13,45,6.5,0.4,11.0,62,0.622,Medium,2026-09-18,in_progress,30
MT-00492,AST-0032,Track,Engineering,COR-003,3.6,7,0,8,32,5.1,0.104,5.7,49,0.487,Low,2026-09-22,in_progress,150
MT-00493,AST-0305,Bridge,Engineering,COR-009,4.5,9,2,4,26,5.3,0.334,11.4,44,0.442,Low,2026-09-19,in_progress,180
MT-00494,AST-0553,Signal,S&T,COR-003,3.7,9,0,7,32,5.2,0.066,5.6,44,0.441,Low,2026-09-14,pending,105
MT-00495,AST-0635,Station Equipment,S&T,COR-002,6.6,5,1,11,26,6.3,0.302,24.4,49,0.487,Low,2026-09-20,completed,120
MT-00496,AST-0188,Signal,S&T,COR-001,7.1,9,1,23,45,5.8,0.471,9.6,68,0.677,High,2026-09-11,pending,210
MT-00497,AST-0256,Signal,S&T,COR-010,2.6,8,0,4,20,5.5,0.12,7.5,46,0.456,Low,2026-09-15,completed,165
MT-00498,AST-0321,Track,Engineering,COR-010,7.4,7,0,7,20,6.1,0.224,1.1,44,0.44,Low,2026-09-17,completed,120
MT-00499,AST-0029,Bridge,Engineering,COR-010,6.3,9,0,2,20,6.1,0.249,13.8,44,0.436,Low,2026-09-21,pending,165
MT-00500,AST-0008,Track,Engineering,COR-005,3.8,9,1,2,100,8.0,0.236,4.6,51,0.513,Low,2026-09-13,overdue,60
MT-00501,AST-0556,Track,Engineering,COR-001,9.3,7,2,0,45,6.3,0.649,26.9,66,0.656,High,2026-09-08,completed,45
MT-00502,AST-0347,Signal,S&T,COR-005,7.9,10,1,6,100,7.0,0.685,13.5,74,0.738,High,2026-09-08,in_progress,150
MT-00503,AST-0134,Bridge,Engineering,COR-001,4.8,10,2,4,45,6.7,0.192,3.8,52,0.524,Low,2026-09-12,overdue,135
MT-00504,AST-0333,Track,Engineering,COR-005,6.9,8,2,2,100,6.0,0.519,9.6,55,0.551,Medium,2026-09-13,completed,210
MT-00505,AST-0214,Track,Engineering,COR-004,5.0,8,1,0,48,6.0,0.257,2.9,45,0.451,Low,2026-09-18,pending,195
MT-00506,AST-0602,Track,Engineering,COR-008,6.3,8,0,4,69,6.7,0.34,11.2,63,0.628,Medium,2026-09-14,in_progress,165
MT-00507,AST-0693,Bridge,Engineering,COR-005,8.0,10,3,10,100,8.4,0.748,19.2,85,0.846,Critical,2026-09-03,in_progress,120
MT-00508,AST-0090,Track,Engineering,COR-002,4.8,7,2,29,26,5.3,0.248,3.1,54,0.545,Medium,2026-09-15,completed,150
MT-00509,AST-0379,Bridge,Engineering,COR-005,2.1,10,1,8,100,5.1,0.265,6.4,50,0.499,Low,2026-09-13,overdue,75
MT-00510,AST-0022,Signal,S&T,COR-002,6.1,10,2,0,26,8.1,0.231,2.4,51,0.512,Low,2026-09-19,in_progress,210
MT-00511,AST-0615,Track,Engineering,COR-001,6.1,8,4,6,45,6.3,0.613,15.8,60,0.6,Medium,2026-09-14,pending,75
MT-00512,AST-0108,Track,Engineering,COR-001,7.1,9,2,0,45,6.8,0.43,14.5,51,0.51,Low,2026-09-19,in_progress,30
MT-00513,AST-0377,Signal,S&T,COR-002,6.5,7,0,2,26,7.6,0.349,10.7,54,0.537,Medium,2026-09-21,completed,135
MT-00514,AST-0166,Signal,S&T,COR-005,6.8,9,5,4,100,7.1,0.631,27.5,74,0.745,High,2026-09-08,pending,225
MT-00515,AST-0794,Track,Engineering,COR-002,7.1,7,2,6,26,7.4,0.368,10.9,53,0.53,Low,2026-09-22,pending,225
MT-00516,AST-0383,OHE,Traction Distribution,COR-010,6.3,6,3,12,20,6.7,0.4,19.4,58,0.584,Medium,2026-09-14,pending,195
MT-00517,AST-0581,Bridge,Engineering,COR-006,5.1,10,3,3,73,8.3,0.163,4.8,59,0.593,Medium,2026-09-22,completed,60
MT-00518,AST-0414,Signal,S&T,COR-001,5.8,9,0,4,45,7.5,0.472,11.0,65,0.646,High,2026-09-07,pending,120
MT-00519,AST-0151,Signal,S&T,COR-001,8.3,9,0,5,45,7.8,0.302,12.2,74,0.74,High,2026-09-07,pending,240
MT-00520,AST-0033,OHE,Traction Distribution,COR-009,3.7,7,1,1,26,4.9,0.157,9.5,31,0.311,Low,2026-10-16,pending,195
MT-00521,AST-0471,Signal,S&T,COR-001,5.0,9,1,2,45,6.3,0.298,9.9,55,0.549,Medium,2026-09-17,in_progress,45
MT-00522,AST-0739,OHE,Traction Distribution,COR-007,3.4,7,3,6,45,2.7,0.21,9.8,47,0.472,Low,2026-09-20,pending,45
MT-00523,AST-0011,Track,Engineering,COR-009,5.7,8,1,1,26,7.0,0.129,0.6,41,0.411,Low,2026-09-20,pending,120
MT-00524,AST-0334,Station Equipment,S&T,COR-007,5.2,4,5,0,45,4.3,0.396,17.5,34,0.345,Low,2026-10-03,completed,240
MT-00525,AST-0676,OHE,Traction Distribution,COR-005,4.5,8,2,2,100,6.6,0.229,5.9,52,0.524,Low,2026-09-15,pending,105
MT-00526,AST-0551,OHE,Traction Distribution,COR-007,3.2,8,0,1,45,5.2,0.0,2.1,38,0.381,Low,2026-10-04,pending,60
MT-00527,AST-0360,Signal,S&T,COR-005,6.6,10,1,2,100,8.3,0.475,5.4,68,0.678,High,2026-09-08,in_progress,150
MT-00528,AST-0625,Signal,S&T,COR-003,3.5,8,3,0,32,4.0,0.251,26.0,37,0.366,Low,2026-10-02,pending,165
MT-00529,AST-0465,Track,Engineering,COR-006,1.8,8,3,20,73,3.6,0.296,10.0,58,0.576,Medium,2026-09-14,pending,240
MT-00530,AST-0513,Track,Engineering,COR-003,7.4,7,2,2,32,4.0,0.521,40.0,40,0.401,Low,2026-09-22,pending,225
MT-00531,AST-0083,Track,Engineering,COR-002,3.0,8,3,8,26,5.1,0.471,7.6,43,0.43,Low,2026-09-18,pending,210
MT-00532,AST-0775,Track,Engineering,COR-010,6.2,7,1,2,20,5.2,0.278,4.9,48,0.476,Low,2026-09-20,in_progress,105
MT-00533,AST-0259,Station Equipment,S&T,COR-002,6.9,4,0,9,26,3.9,0.068,10.2,45,0.452,Low,2026-09-19,overdue,165
MT-00534,AST-0015,Signal,S&T,COR-008,6.2,10,3,1,69,7.8,0.532,13.6,58,0.579,Medium,2026-09-15,pending,165
MT-00535,AST-0687,Station Equipment,S&T,COR-009,6.5,4,1,9,26,4.2,0.127,5.9,46,0.456,Low,2026-09-15,in_progress,105
MT-00536,AST-0323,OHE,Traction Distribution,COR-009,5.2,7,1,0,26,4.1,0.245,4.8,45,0.452,Low,2026-09-22,overdue,30
MT-00537,AST-0288,OHE,Traction Distribution,COR-006,8.5,7,2,14,73,9.4,0.407,3.7,74,0.743,High,2026-09-06,in_progress,75
MT-00538,AST-0078,OHE,Traction Distribution,COR-009,5.5,8,0,11,26,6.2,0.454,25.3,52,0.521,Low,2026-09-15,completed,165
MT-00539,AST-0477,OHE,Traction Distribution,COR-001,1.0,7,1,3,45,2.8,0.096,0.8,36,0.357,Low,2026-10-10,in_progress,105
MT-00540,AST-0170,Station Equipment,S&T,COR-007,5.7,5,2,8,45,4.1,0.336,20.8,56,0.559,Medium,2026-09-18,completed,240
MT-00541,AST-0155,Signal,S&T,COR-003,8.9,8,2,1,32,7.4,0.404,24.2,53,0.534,Low,2026-09-18,overdue,105
MT-00542,AST-0616,Signal,S&T,COR-004,6.7,10,2,6,48,7.5,0.378,13.6,64,0.643,Medium,2026-09-12,pending,180
MT-00543,AST-0787,Track,Engineering,COR-007,5.2,7,1,14,45,6.9,0.31,21.4,64,0.637,Medium,2026-09-14,overdue,195
MT-00544,AST-0341,Track,Engineering,COR-003,5.6,8,1,21,32,6.2,0.283,8.5,61,0.609,Medium,2026-09-18,in_progress,90
MT-00545,AST-0536,Signal,S&T,COR-002,5.9,9,0,0,26,8.7,0.17,2.5,42,0.418,Low,2026-09-15,completed,30
MT-00546,AST-0696,OHE,Traction Distribution,COR-003,3.9,6,0,3,32,4.1,0.009,4.0,37,0.371,Low,2026-10-04,in_progress,135
MT-00547,AST-0349,Signal,S&T,COR-003,10.0,9,3,3,32,8.9,0.604,37.5,64,0.642,Medium,2026-09-22,pending,90
MT-00548,AST-0506,Signal,S&T,COR-006,5.8,10,2,3,73,8.3,0.581,21.4,60,0.6,Medium,2026-09-19,pending,195
MT-00549,AST-0720,Signal,S&T,COR-005,8.7,10,0,4,100,9.7,0.555,17.0,71,0.708,High,2026-09-09,overdue,195
MT-00550,AST-0770,Track,Engineering,COR-002,6.6,8,1,5,26,8.0,0.316,19.5,62,0.618,Medium,2026-09-14,completed,195
MT-00551,AST-0793,Station Equipment,S&T,COR-008,3.7,6,1,14,69,4.2,0.142,3.6,46,0.458,Low,2026-09-18,completed,90
MT-00552,AST-0616,Signal,S&T,COR-004,5.2,10,2,1,48,7.1,0.492,13.6,58,0.582,Medium,2026-09-22,pending,120
MT-00553,AST-0555,Signal,S&T,COR-008,8.0,9,1,9,69,5.2,0.469,1.7,71,0.707,High,2026-09-09,pending,75
MT-00554,AST-0048,Track,Engineering,COR-009,6.5,8,1,0,26,6.4,0.5,25.8,51,0.51,Low,2026-09-20,pending,105
MT-00555,AST-0428,Signal,S&T,COR-003,5.5,8,0,4,32,7.3,0.18,16.2,52,0.521,Low,2026-09-22,pending,210
MT-00556,AST-0597,Station Equipment,S&T,COR-001,3.9,6,4,1,45,5.5,0.607,22.4,46,0.459,Low,2026-09-21,in_progress,75
MT-00557,AST-0201,Signal,S&T,COR-010,7.0,10,3,6,20,7.7,0.368,13.7,62,0.617,Medium,2026-09-15,overdue,225
MT-00558,AST-0344,OHE,Traction Distribution,COR-005,5.9,8,0,7,100,8.1,0.356,3.1,63,0.634,Medium,2026-09-15,completed,240
MT-00559,AST-0687,Station Equipment,S&T,COR-009,4.4,4,1,2,26,3.4,0.122,5.9,26,0.261,Low,2026-09-29,in_progress,60
MT-00560,AST-0382,Signal,S&T,COR-009,5.2,8,0,2,26,5.4,0.15,8.1,43,0.431,Low,2026-09-20,pending,120
MT-00561,AST-0540,Track,Engineering,COR-002,3.3,7,0,2,26,4.4,0.011,1.5,34,0.336,Low,2026-10-02,completed,135
MT-00562,AST-0292,Track,Engineering,COR-006,5.7,9,4,4,73,5.7,0.494,25.1,62,0.621,Medium,2026-09-21,completed,75
MT-00563,AST-0207,Track,Engineering,COR-004,5.1,8,2,10,48,6.7,0.166,12.3,61,0.615,Medium,2026-09-20,completed,210
MT-00564,AST-0151,Signal,S&T,COR-001,4.9,9,0,7,45,6.7,0.381,12.2,59,0.591,Medium,2026-09-19,in_progress,45
MT-00565,AST-0629,Track,Engineering,COR-003,8.4,7,0,4,32,7.5,0.165,13.9,51,0.511,Low,2026-09-13,pending,195
MT-00566,AST-0602,Track,Engineering,COR-008,6.9,8,0,5,69,6.3,0.344,11.2,49,0.493,Low,2026-09-19,pending,165
MT-00567,AST-0118,Bridge,Engineering,COR-002,3.4,10,0,2,26,6.3,0.21,15.6,42,0.42,Low,2026-09-14,overdue,225
MT-00568,AST-0702,Bridge,Engineering,COR-008,8.2,10,2,1,69,6.1,0.251,3.9,55,0.548,Medium,2026-09-18,completed,60
MT-00569,AST-0794,Track,Engineering,COR-002,4.8,7,2,1,26,5.8,0.331,10.9,39,0.389,Low,2026-09-28,overdue,30
MT-00570,AST-0543,OHE,Traction Distribution,COR-010,5.3,5,1,4,20,4.7,0.124,7.3,39,0.388,Low,2026-09-24,pending,135
MT-00571,AST-0107,Track,Engineering,COR-007,7.6,8,3,1,45,5.9,0.472,13.0,56,0.556,Medium,2026-09-19,in_progress,240
MT-00572,AST-0589,OHE,Traction Distribution,COR-004,2.8,7,3,16,48,4.5,0.365,12.1,60,0.604,Medium,2026-09-16,pending,60
MT-00573,AST-0442,OHE,Traction Distribution,COR-010,5.6,7,0,10,20,5.5,0.447,16.7,55,0.55,Medium,2026-09-19,overdue,195
MT-00574,AST-0762,Track,Engineering,COR-006,4.8,10,0,8,73,8.7,0.379,4.5,77,0.766,Critical,2026-09-08,pending,165
MT-00575,AST-0249,Track,Engineering,COR-002,5.7,7,1,7,26,4.7,0.298,19.9,52,0.518,Low,2026-09-16,completed,120
MT-00576,AST-0444,OHE,Traction Distribution,COR-010,5.5,6,0,0,20,5.5,0.164,11.6,43,0.431,Low,2026-09-12,pending,165
MT-00577,AST-0601,Station Equipment,S&T,COR-009,4.3,5,0,2,26,3.1,0.03,12.0,29,0.287,Low,2026-09-29,pending,90
MT-00578,AST-0343,OHE,Traction Distribution,COR-003,5.2,6,4,13,32,4.5,0.266,5.5,44,0.441,Low,2026-09-21,pending,165
MT-00579,AST-0156,Bridge,Engineering,COR-009,7.1,10,1,5,26,8.1,0.181,11.8,57,0.573,Medium,2026-09-20,in_progress,90
MT-00580,AST-0387,Track,Engineering,COR-001,5.9,8,2,7,45,6.1,0.245,10.7,55,0.549,Medium,2026-09-17,completed,225
MT-00581,AST-0403,Signal,S&T,COR-002,4.9,9,0,36,26,6.5,0.096,5.4,57,0.566,Medium,2026-09-12,overdue,120
MT-00582,AST-0486,OHE,Traction Distribution,COR-001,5.9,7,0,0,45,6.2,0.265,22.6,41,0.414,Low,2026-09-22,completed,240
MT-00583,AST-0530,OHE,Traction Distribution,COR-007,9.1,7,5,2,45,6.6,0.434,4.0,60,0.603,Medium,2026-09-20,in_progress,150
MT-00584,AST-0053,Track,Engineering,COR-009,6.0,8,0,2,26,7.3,0.373,25.9,46,0.461,Low,2026-09-12,completed,195
MT-00585,AST-0466,Track,Engineering,COR-003,4.4,8,1,4,32,5.5,0.236,4.9,38,0.383,Low,2026-09-28,pending,90
MT-00586,AST-0517,Bridge,Engineering,COR-008,3.5,10,1,30,69,6.3,0.488,17.7,63,0.631,Medium,2026-09-13,completed,30
MT-00587,AST-0602,Track,Engineering,COR-008,3.1,8,0,3,69,5.6,0.239,11.2,46,0.463,Low,2026-09-21,completed,165
MT-00588,AST-0222,OHE,Traction Distribution,COR-008,4.9,8,2,19,69,6.2,0.32,8.9,59,0.589,Medium,2026-09-22,in_progress,165
MT-00589,AST-0614,Track,Engineering,COR-005,4.9,8,4,0,100,6.6,0.18,2.3,52,0.524,Low,2026-09-16,pending,30
MT-00590,AST-0767,OHE,Traction Distribution,COR-010,4.9,6,1,8,20,5.3,0.361,16.8,49,0.492,Low,2026-09-13,pending,240
MT-00591,AST-0224,Station Equipment,S&T,COR-004,6.7,5,2,14,48,5.6,0.361,25.9,59,0.593,Medium,2026-09-19,pending,45
MT-00592,AST-0571,Track,Engineering,COR-005,5.6,7,3,2,100,5.4,0.545,7.5,54,0.543,Medium,2026-09-14,overdue,225
MT-00593,AST-0516,OHE,Traction Distribution,COR-007,3.5,7,1,1,45,3.8,0.171,1.3,31,0.307,Low,2026-09-25,completed,105
MT-00594,AST-0454,Station Equipment,S&T,COR-003,6.1,5,2,9,32,3.5,0.242,5.0,42,0.421,Low,2026-09-14,in_progress,150
MT-00595,AST-0249,Track,Engineering,COR-002,7.5,7,1,3,26,4.8,0.312,19.9,52,0.52,Low,2026-09-14,in_progress,135
MT-00596,AST-0744,Bridge,Engineering,COR-010,3.5,10,1,4,20,8.2,0.268,8.5,55,0.555,Medium,2026-09-12,completed,210
MT-00597,AST-0063,OHE,Traction Distribution,COR-002,7.0,7,6,8,26,4.1,0.568,37.8,56,0.56,Medium,2026-09-19,pending,90
MT-00598,AST-0001,Signal,S&T,COR-004,3.7,9,2,5,48,7.2,0.437,12.3,61,0.608,Medium,2026-09-15,pending,30
MT-00599,AST-0491,Station Equipment,S&T,COR-006,4.2,4,4,8,73,2.9,0.485,14.0,54,0.544,Medium,2026-09-18,completed,210
MT-00600,AST-0365,Track,Engineering,COR-002,3.2,7,0,1,26,6.0,0.093,7.0,34,0.34,Low,2026-10-06,pending,120
MT-00601,AST-0121,Signal,S&T,COR-008,7.5,10,1,17,69,5.8,0.364,4.6,80,0.802,Critical,2026-09-10,pending,240
MT-00602,AST-0080,Signal,S&T,COR-004,5.7,9,3,21,48,6.5,0.676,26.4,69,0.686,High,2026-09-10,in_progress,90
MT-00603,AST-0445,Track,Engineering,COR-005,3.2,9,0,2,100,7.2,0.184,9.0,60,0.6,Medium,2026-09-18,pending,105
MT-00604,AST-0758,Signal,S&T,COR-008,4.7,10,0,1,69,7.6,0.143,9.4,58,0.585,Medium,2026-09-21,overdue,210
MT-00605,AST-0101,Station Equipment,S&T,COR-002,4.9,4,0,2,26,3.6,0.161,10.1,22,0.223,Low,2026-10-06,completed,120
MT-00606,AST-0045,Bridge,Engineering,COR-005,3.8,10,2,2,100,4.6,0.161,2.3,49,0.489,Low,2026-09-12,overdue,60
MT-00607,AST-0654,OHE,Traction Distribution,COR-001,10.0,6,3,1,45,5.7,0.538,19.0,51,0.508,Low,2026-09-21,overdue,195
MT-00608,AST-0609,Track,Engineering,COR-005,6.9,10,6,8,100,9.1,0.643,20.7,70,0.704,High,2026-09-10,pending,165
MT-00609,AST-0117,Track,Engineering,COR-010,4.3,8,0,2,20,5.4,0.0,9.0,43,0.434,Low,2026-09-16,pending,60
MT-00610,AST-0568,Track,Engineering,COR-010,5.5,7,1,7,20,5.6,0.387,17.2,60,0.598,Medium,2026-09-16,completed,90
MT-00611,AST-0481,OHE,Traction Distribution,COR-009,5.0,7,0,2,26,5.8,0.079,13.7,40,0.397,Low,2026-09-21,pending,105
MT-00612,AST-0695,Signal,S&T,COR-005,8.3,10,3,29,100,7.0,0.552,5.1,90,0.897,Critical,2026-09-04,overdue,150
MT-00613,AST-0332,Track,Engineering,COR-002,8.2,8,0,0,26,7.7,0.354,14.4,62,0.617,Medium,2026-09-16,pending,210
MT-00614,AST-0236,Signal,S&T,COR-009,4.3,9,3,10,26,5.8,0.289,9.2,54,0.542,Medium,2026-09-20,in_progress,225
MT-00615,AST-0194,Signal,S&T,COR-010,6.5,7,0,2,20,6.4,0.195,6.7,46,0.457,Low,2026-09-15,completed,195
MT-00616,AST-0353,Track,Engineering,COR-009,6.5,7,1,0,26,5.5,0.343,4.0,44,0.436,Low,2026-09-16,overdue,90
MT-00617,AST-0744,Bridge,Engineering,COR-010,6.8,10,1,7,20,6.1,0.25,8.5,60,0.602,Medium,2026-09-20,completed,240
MT-00618,AST-0391,Track,Engineering,COR-008,6.4,8,3,5,69,6.1,0.502,3.8,65,0.65,High,2026-09-07,in_progress,30
MT-00619,AST-0305,Bridge,Engineering,COR-009,5.2,9,2,8,26,7.2,0.281,11.4,58,0.581,Medium,2026-09-12,pending,225
MT-00620,AST-0388,Track,Engineering,COR-010,6.2,8,0,4,20,6.9,0.178,10.0,52,0.519,Low,2026-09-15,in_progress,225
MT-00621,AST-0568,Track,Engineering,COR-010,7.7,7,1,14,20,6.6,0.44,17.2,61,0.61,Medium,2026-09-13,completed,225
MT-00622,AST-0220,Bridge,Engineering,COR-006,8.2,10,0,4,73,9.2,0.302,2.8,63,0.628,Medium,2026-09-15,in_progress,75
MT-00623,AST-0617,Signal,S&T,COR-003,5.2,9,0,14,32,6.4,0.137,17.4,62,0.62,Medium,2026-09-12,completed,90
MT-00624,AST-0287,Station Equipment,S&T,COR-010,4.5,4,0,2,20,3.9,0.141,6.6,24,0.243,Low,2026-10-07,pending,195
MT-00625,AST-0795,Track,Engineering,COR-009,1.5,8,1,0,26,4.1,0.313,17.6,36,0.364,Low,2026-10-05,pending,165
MT-00626,AST-0303,Bridge,Engineering,COR-010,1.7,10,0,19,20,6.6,0.049,9.3,55,0.551,Medium,2026-09-14,overdue,165
MT-00627,AST-0056,Bridge,Engineering,COR-006,5.9,10,1,4,73,7.7,0.455,9.0,59,0.594,Medium,2026-09-18,pending,90
MT-00628,AST-0554,Station Equipment,S&T,COR-003,4.1,4,3,3,32,3.1,0.432,15.6,32,0.318,Low,2026-09-26,completed,120
MT-00629,AST-0500,Station Equipment,S&T,COR-006,6.3,5,0,1,73,3.5,0.252,17.8,54,0.544,Medium,2026-09-12,in_progress,75
MT-00630,AST-0795,Track,Engineering,COR-009,3.4,8,1,3,26,6.5,0.193,17.6,43,0.426,Low,2026-09-17,overdue,30
MT-00631,AST-0092,OHE,Traction Distribution,COR-004,6.6,7,7,7,48,5.4,0.74,21.3,54,0.536,Medium,2026-09-13,pending,225
MT-00632,AST-0730,Bridge,Engineering,COR-008,4.5,10,2,2,69,6.9,0.247,17.2,60,0.597,Medium,2026-09-21,pending,225
MT-00633,AST-0662,Station Equipment,S&T,COR-005,8.4,5,1,6,100,8.2,0.494,10.3,64,0.637,Medium,2026-09-15,completed,90
MT-00634,AST-0237,Signal,S&T,COR-001,4.9,8,1,3,45,6.8,0.426,18.0,43,0.426,Low,2026-09-16,completed,120
MT-00635,AST-0715,Station Equipment,S&T,COR-006,8.7,6,3,9,73,8.1,0.884,24.7,76,0.761,Critical,2026-09-07,in_progress,165
MT-00636,AST-0498,OHE,Traction Distribution,COR-006,8.0,8,3,1,73,6.7,0.779,32.8,60,0.604,Medium,2026-09-16,pending,165
MT-00637,AST-0354,Signal,S&T,COR-006,7.3,10,3,1,73,9.0,0.388,15.7,68,0.68,High,2026-09-06,pending,105
MT-00638,AST-0038,Track,Engineering,COR-002,6.8,7,2,2,26,6.2,0.213,8.5,43,0.431,Low,2026-09-22,overdue,90
MT-00639,AST-0690,Station Equipment,S&T,COR-009,5.0,4,2,2,26,4.4,0.115,1.6,37,0.367,Low,2026-09-27,completed,75
MT-00640,AST-0723,Bridge,Engineering,COR-007,2.1,10,0,2,45,7.9,0.213,3.6,49,0.492,Low,2026-09-16,overdue,45
MT-00641,AST-0302,OHE,Traction Distribution,COR-002,5.9,7,5,7,26,5.6,0.513,20.6,40,0.398,Low,2026-09-21,overdue,75
MT-00642,AST-0312,Track,Engineering,COR-005,4.7,8,0,22,100,5.9,0.11,3.7,67,0.674,High,2026-09-08,in_progress,240
MT-00643,AST-0495,Track,Engineering,COR-001,4.9,8,1,2,45,5.1,0.067,6.9,43,0.427,Low,2026-09-19,completed,165
MT-00644,AST-0786,Track,Engineering,COR-010,4.0,7,1,14,20,6.0,0.204,18.6,56,0.564,Medium,2026-09-12,completed,165
MT-00645,AST-0227,Track,Engineering,COR-007,8.0,8,1,12,45,6.6,0.41,12.8,68,0.68,High,2026-09-07,completed,60
MT-00646,AST-0590,Bridge,Engineering,COR-005,6.6,10,3,16,100,8.7,0.568,17.7,86,0.856,Critical,2026-09-05,completed,165
MT-00647,AST-0063,OHE,Traction Distribution,COR-002,5.2,7,6,4,26,3.9,0.539,37.8,42,0.424,Low,2026-09-14,pending,30
MT-00648,AST-0560,Track,Engineering,COR-004,3.4,7,0,3,48,5.4,0.008,4.4,36,0.361,Low,2026-10-02,overdue,135
MT-00649,AST-0070,Track,Engineering,COR-004,8.1,8,0,7,48,6.6,0.332,4.8,62,0.619,Medium,2026-09-12,completed,90
MT-00650,AST-0407,Track,Engineering,COR-006,6.5,9,3,1,73,7.8,0.214,10.7,57,0.568,Medium,2026-09-17,completed,210
MT-00651,AST-0553,Signal,S&T,COR-003,5.7,9,0,7,32,6.8,0.034,5.6,60,0.6,Medium,2026-09-15,pending,75
MT-00652,AST-0578,Track,Engineering,COR-002,3.9,7,0,3,26,4.5,0.258,16.1,39,0.389,Low,2026-10-13,in_progress,135
MT-00653,AST-0033,OHE,Traction Distribution,COR-009,3.8,7,1,1,26,4.6,0.165,9.5,30,0.303,Low,2026-10-02,completed,120
MT-00654,AST-0181,Signal,S&T,COR-005,4.9,9,3,12,100,5.6,0.413,13.5,63,0.632,Medium,2026-09-21,completed,45
MT-00655,AST-0372,OHE,Traction Distribution,COR-005,5.8,8,0,9,100,7.2,0.337,4.5,72,0.717,High,2026-09-11,pending,30
MT-00656,AST-0712,OHE,Traction Distribution,COR-008,4.7,7,4,6,69,4.3,0.187,7.2,48,0.484,Low,2026-09-21,pending,195
MT-00657,AST-0030,Track,Engineering,COR-005,6.2,8,3,0,100,6.2,0.573,6.8,59,0.593,Medium,2026-09-20,completed,180
MT-00658,AST-0077,Track,Engineering,COR-006,6.4,8,1,7,73,6.9,0.577,13.2,71,0.705,High,2026-09-09,overdue,75
MT-00659,AST-0357,Signal,S&T,COR-001,4.2,9,2,1,45,7.8,0.234,11.5,45,0.453,Low,2026-09-17,pending,135
MT-00660,AST-0001,Signal,S&T,COR-004,6.4,9,2,2,48,7.1,0.572,12.3,48,0.48,Low,2026-09-12,pending,195
MT-00661,AST-0230,Signal,S&T,COR-007,6.8,9,1,11,45,7.0,0.217,6.6,59,0.588,Medium,2026-09-13,in_progress,45
MT-00662,AST-0003,Signal,S&T,COR-006,2.6,10,1,2,73,6.3,0.218,17.8,52,0.52,Low,2026-09-16,pending,60
MT-00663,AST-0342,Signal,S&T,COR-004,5.0,9,1,4,48,4.4,0.085,8.2,47,0.467,Low,2026-09-19,pending,195
MT-00664,AST-0791,Station Equipment,S&T,COR-001,7.3,6,2,2,45,4.7,0.208,13.8,39,0.387,Low,2026-09-23,in_progress,30
MT-00665,AST-0330,OHE,Traction Distribution,COR-003,5.3,7,1,2,32,5.2,0.374,6.2,50,0.501,Low,2026-09-22,completed,30
MT-00666,AST-0120,Track,Engineering,COR-009,3.7,7,0,3,26,4.3,0.169,3.8,39,0.387,Low,2026-10-16,pending,210
MT-00667,AST-0438,Track,Engineering,COR-004,9.0,8,7,2,48,6.0,0.773,35.9,65,0.655,High,2026-09-06,pending,60
MT-00668,AST-0053,Track,Engineering,COR-009,4.2,8,0,19,26,6.5,0.365,25.9,59,0.594,Medium,2026-09-13,overdue,180
MT-00669,AST-0779,Track,Engineering,COR-010,6.9,7,0,4,20,6.5,0.656,26.6,48,0.479,Low,2026-09-21,in_progress,90
MT-00670,AST-0137,Signal,S&T,COR-007,3.5,10,0,11,45,6.5,0.21,2.4,58,0.584,Medium,2026-09-14,completed,195
MT-00671,AST-0632,OHE,Traction Distribution,COR-006,2.8,7,2,3,73,3.9,0.351,11.7,49,0.485,Low,2026-09-13,pending,60
MT-00672,AST-0296,Track,Engineering,COR-008,6.1,8,2,5,69,6.5,0.529,14.9,67,0.667,High,2026-09-07,completed,30
MT-00673,AST-0324,Station Equipment,S&T,COR-010,4.3,4,2,0,20,4.2,0.509,33.8,37,0.367,Low,2026-10-09,completed,30
MT-00674,AST-0496,Track,Engineering,COR-005,6.4,9,2,9,100,6.8,0.466,7.0,74,0.737,High,2026-09-06,pending,135
MT-00675,AST-0628,Track,Engineering,COR-005,8.1,9,2,17,100,8.2,0.416,4.7,72,0.722,High,2026-09-07,completed,165
MT-00676,AST-0625,Signal,S&T,COR-003,8.4,8,3,12,32,6.6,0.283,26.0,63,0.635,Medium,2026-09-16,completed,180
MT-00677,AST-0785,Track,Engineering,COR-001,5.3,7,1,5,45,5.7,0.192,13.5,44,0.437,Low,2026-09-18,pending,195
MT-00678,AST-0583,Signal,S&T,COR-004,7.7,10,3,1,48,9.2,0.494,17.1,72,0.718,High,2026-09-11,completed,210
MT-00679,AST-0776,Track,Engineering,COR-009,5.4,9,2,4,26,7.9,0.188,15.8,58,0.582,Medium,2026-09-14,pending,210
MT-00680,AST-0334,Station Equipment,S&T,COR-007,5.6,4,5,3,45,5.6,0.396,17.5,39,0.387,Low,2026-09-29,in_progress,195
MT-00681,AST-0017,Track,Engineering,COR-003,2.5,8,4,3,32,5.3,0.261,13.4,41,0.405,Low,2026-09-17,overdue,240
MT-00682,AST-0765,Track,Engineering,COR-009,8.9,8,2,17,26,7.6,0.424,10.8,71,0.707,High,2026-09-08,pending,225
MT-00683,AST-0003,Signal,S&T,COR-006,3.3,10,1,6,73,5.9,0.168,17.8,60,0.595,Medium,2026-09-18,pending,45
MT-00684,AST-0360,Signal,S&T,COR-005,8.7,10,1,5,100,6.7,0.496,5.4,67,0.666,High,2026-09-07,pending,210
MT-00685,AST-0645,Track,Engineering,COR-004,6.8,8,2,25,48,5.4,0.447,20.2,56,0.555,Medium,2026-09-18,overdue,60
MT-00686,AST-0030,Track,Engineering,COR-005,5.4,8,3,2,100,6.0,0.543,6.8,60,0.603,Medium,2026-09-22,pending,45
MT-00687,AST-0230,Signal,S&T,COR-007,5.5,9,1,3,45,6.6,0.317,6.6,41,0.413,Low,2026-09-19,pending,60
MT-00688,AST-0334,Station Equipment,S&T,COR-007,9.6,4,5,1,45,7.3,0.387,17.5,54,0.536,Medium,2026-09-20,completed,120
MT-00689,AST-0192,Signal,S&T,COR-006,8.4,9,2,12,73,9.2,0.321,5.7,79,0.789,Critical,2026-09-06,completed,30
MT-00690,AST-0793,Station Equipment,S&T,COR-008,4.0,6,1,1,69,3.9,0.247,3.6,47,0.469,Low,2026-09-21,in_progress,165
MT-00691,AST-0193,Track,Engineering,COR-001,4.3,8,1,14,45,6.5,0.363,2.6,55,0.551,Medium,2026-09-19,overdue,135
MT-00692,AST-0726,Track,Engineering,COR-009,4.6,7,1,2,26,4.9,0.069,2.3,39,0.394,Low,2026-10-08,pending,210
MT-00693,AST-0108,Track,Engineering,COR-001,5.6,9,2,1,45,7.4,0.399,14.5,58,0.576,Medium,2026-09-13,completed,165
MT-00694,AST-0240,Track,Engineering,COR-002,7.2,7,1,1,26,7.2,0.279,10.8,44,0.435,Low,2026-09-18,completed,165
MT-00695,AST-0219,Station Equipment,S&T,COR-008,7.1,5,1,8,69,6.6,0.396,10.0,63,0.63,Medium,2026-09-19,pending,165
MT-00696,AST-0734,OHE,Traction Distribution,COR-010,1.9,6,0,1,20,3.3,0.061,7.2,27,0.274,Low,2026-10-07,completed,225
MT-00697,AST-0720,Signal,S&T,COR-005,7.8,10,0,4,100,9.1,0.497,17.0,73,0.728,High,2026-09-06,in_progress,45
MT-00698,AST-0645,Track,Engineering,COR-004,5.7,8,2,2,48,4.4,0.349,20.2,49,0.493,Low,2026-09-12,pending,60
MT-00699,AST-0150,Track,Engineering,COR-008,6.8,8,0,14,69,8.0,0.633,14.1,72,0.72,High,2026-09-08,pending,150
MT-00700,AST-0239,Track,Engineering,COR-007,5.8,8,4,5,45,6.3,0.368,8.1,59,0.586,Medium,2026-09-19,pending,120
MT-00701,AST-0668,Track,Engineering,COR-010,7.2,7,0,9,20,6.4,0.239,9.1,53,0.525,Low,2026-09-16,completed,75
MT-00702,AST-0429,Track,Engineering,COR-005,6.6,9,0,0,100,5.1,0.15,6.8,58,0.576,Medium,2026-09-19,pending,165
MT-00703,AST-0377,Signal,S&T,COR-002,4.6,7,0,3,26,5.0,0.368,10.7,40,0.402,Low,2026-09-22,overdue,90
MT-00704,AST-0459,Signal,S&T,COR-009,4.6,9,0,0,26,7.7,0.17,4.0,41,0.414,Low,2026-09-21,pending,45
MT-00705,AST-0412,Track,Engineering,COR-008,7.0,8,4,6,69,6.4,0.771,37.4,67,0.675,High,2026-09-09,overdue,210
MT-00706,AST-0449,Bridge,Engineering,COR-008,3.9,10,4,3,69,7.3,0.385,20.7,53,0.532,Low,2026-09-20,completed,180
MT-00707,AST-0086,Track,Engineering,COR-001,4.7,7,1,0,45,5.4,0.329,13.2,47,0.472,Low,2026-09-12,pending,210
MT-00708,AST-0794,Track,Engineering,COR-002,8.4,7,2,1,26,7.9,0.348,10.9,57,0.57,Medium,2026-09-12,pending,135
MT-00709,AST-0006,Track,Engineering,COR-001,4.1,8,2,2,45,5.8,0.562,18.0,46,0.456,Low,2026-09-19,completed,75
MT-00710,AST-0686,Signal,S&T,COR-010,4.6,8,0,4,20,4.9,0.092,8.7,43,0.431,Low,2026-09-20,pending,150
MT-00711,AST-0274,Bridge,Engineering,COR-006,5.5,10,2,0,73,7.3,0.369,1.3,55,0.546,Medium,2026-09-14,pending,90
MT-00712,AST-0664,Bridge,Engineering,COR-005,6.2,10,1,28,100,9.1,0.372,8.7,74,0.739,High,2026-09-09,completed,210
MT-00713,AST-0488,Signal,S&T,COR-003,2.8,7,0,4,32,5.1,0.072,14.1,35,0.348,Low,2026-09-29,overdue,150
MT-00714,AST-0707,Track,Engineering,COR-004,2.8,8,1,7,48,5.0,0.244,11.7,47,0.465,Low,2026-09-13,completed,75
MT-00715,AST-0053,Track,Engineering,COR-009,3.5,8,0,2,26,7.7,0.34,25.9,48,0.485,Low,2026-09-16,completed,165
MT-00716,AST-0793,Station Equipment,S&T,COR-008,6.9,6,1,3,69,6.9,0.183,3.6,54,0.54,Medium,2026-09-16,in_progress,90
MT-00717,AST-0515,OHE,Traction Distribution,COR-003,4.9,7,2,22,32,6.3,0.533,25.9,65,0.647,High,2026-09-10,completed,150
MT-00718,AST-0712,OHE,Traction Distribution,COR-008,4.2,7,4,4,69,5.5,0.217,7.2,44,0.436,Low,2026-09-21,pending,135
MT-00719,AST-0477,OHE,Traction Distribution,COR-001,7.8,7,1,14,45,7.4,0.101,0.8,60,0.603,Medium,2026-09-22,completed,60
MT-00720,AST-0614,Track,Engineering,COR-005,3.9,8,4,1,100,6.3,0.291,2.3,61,0.614,Medium,2026-09-13,completed,30
MT-00721,AST-0584,OHE,Traction Distribution,COR-008,8.6,7,4,45,69,4.8,0.725,30.9,65,0.652,High,2026-09-11,in_progress,60
MT-00722,AST-0252,Track,Engineering,COR-010,6.9,8,0,3,20,7.2,0.197,8.0,49,0.488,Low,2026-09-17,overdue,75
MT-00723,AST-0435,Signal,S&T,COR-007,7.1,8,1,1,45,6.7,0.287,13.0,48,0.478,Low,2026-09-13,in_progress,45
MT-00724,AST-0189,Signal,S&T,COR-007,3.7,9,1,17,45,5.5,0.325,11.3,57,0.572,Medium,2026-09-19,completed,30
MT-00725,AST-0746,Track,Engineering,COR-001,4.7,8,2,2,45,5.7,0.354,19.4,46,0.46,Low,2026-09-12,in_progress,120
MT-00726,AST-0292,Track,Engineering,COR-006,7.1,9,4,6,73,5.8,0.591,25.1,69,0.693,High,2026-09-08,pending,135
MT-00727,AST-0353,Track,Engineering,COR-009,8.7,7,1,1,26,5.2,0.319,4.0,51,0.513,Low,2026-09-21,pending,120
MT-00728,AST-0627,Bridge,Engineering,COR-001,5.2,10,1,5,45,8.3,0.4,28.8,54,0.544,Medium,2026-09-22,overdue,225
MT-00729,AST-0282,Station Equipment,S&T,COR-004,4.3,5,2,1,48,4.7,0.19,4.1,34,0.341,Low,2026-09-29,pending,90
MT-00730,AST-0170,Station Equipment,S&T,COR-007,6.5,5,2,2,45,2.7,0.368,20.8,41,0.415,Low,2026-09-13,completed,195
MT-00731,AST-0725,OHE,Traction Distribution,COR-010,5.8,7,0,2,20,5.2,0.159,18.3,46,0.456,Low,2026-09-18,in_progress,30
MT-00732,AST-0262,Signal,S&T,COR-008,7.3,10,3,13,69,8.8,0.468,8.4,89,0.888,Critical,2026-09-03,completed,120
MT-00733,AST-0439,Track,Engineering,COR-008,3.3,7,0,2,69,4.5,0.148,2.0,46,0.455,Low,2026-09-22,completed,210
MT-00734,AST-0768,Track,Engineering,COR-002,3.4,8,0,1,26,6.6,0.046,4.2,34,0.342,Low,2026-09-30,pending,120
MT-00735,AST-0420,Bridge,Engineering,COR-002,7.5,10,3,6,26,9.0,0.57,40.0,67,0.67,High,2026-09-07,pending,150
MT-00736,AST-0592,OHE,Traction Distribution,COR-007,8.5,6,1,1,45,5.0,0.475,20.8,53,0.527,Low,2026-09-14,completed,60
MT-00737,AST-0297,Station Equipment,S&T,COR-009,4.6,5,2,3,26,4.2,0.16,5.4,33,0.33,Low,2026-10-01,pending,150
MT-00738,AST-0261,Signal,S&T,COR-003,6.2,9,4,4,32,6.5,0.426,19.0,58,0.582,Medium,2026-09-20,in_progress,225
MT-00739,AST-0412,Track,Engineering,COR-008,6.1,8,4,12,69,5.1,0.776,37.4,56,0.558,Medium,2026-09-21,pending,30
MT-00740,AST-0521,Track,Engineering,COR-001,9.2,8,2,1,45,6.2,0.461,10.0,62,0.618,Medium,2026-09-20,pending,30
MT-00741,AST-0066,OHE,Traction Distribution,COR-001,5.8,6,3,2,45,4.5,0.353,19.7,42,0.422,Low,2026-09-19,overdue,225
MT-00742,AST-0533,Track,Engineering,COR-002,6.9,7,1,9,26,5.6,0.214,14.5,52,0.524,Low,2026-09-14,overdue,75
MT-00743,AST-0259,Station Equipment,S&T,COR-002,4.4,4,0,2,26,4.0,0.151,10.2,39,0.39,Low,2026-10-15,completed,150
MT-00744,AST-0687,Station Equipment,S&T,COR-009,4.6,4,1,2,26,4.9,0.125,5.9,27,0.269,Low,2026-10-16,pending,105
MT-00745,AST-0492,Track,Engineering,COR-005,4.2,9,4,4,100,6.7,0.526,22.2,64,0.638,Medium,2026-09-18,overdue,210
MT-00746,AST-0078,OHE,Traction Distribution,COR-009,2.8,8,0,1,26,5.9,0.483,25.3,46,0.461,Low,2026-09-20,completed,180
MT-00747,AST-0777,Signal,S&T,COR-004,9.7,8,1,18,48,7.6,0.711,40.0,79,0.789,Critical,2026-09-07,overdue,60
MT-00748,AST-0406,OHE,Traction Distribution,COR-006,6.1,8,0,13,73,7.0,0.293,14.4,57,0.575,Medium,2026-09-16,pending,30
MT-00749,AST-0140,Track,Engineering,COR-007,5.8,8,2,4,45,6.2,0.271,3.4,59,0.592,Medium,2026-09-20,pending,75
MT-00750,AST-0065,Track,Engineering,COR-010,2.8,7,1,3,20,4.2,0.205,5.1,34,0.342,Low,2026-10-03,completed,195
MT-00751,AST-0011,Track,Engineering,COR-009,3.1,8,1,5,26,7.1,0.117,0.6,42,0.417,Low,2026-09-20,overdue,210
MT-00752,AST-0633,Track,Engineering,COR-002,7.3,7,1,17,26,4.1,0.304,13.4,55,0.554,Medium,2026-09-21,pending,150
MT-00753,AST-0418,Station Equipment,S&T,COR-001,7.9,5,3,34,45,3.8,0.19,12.9,56,0.558,Medium,2026-09-22,pending,60
MT-00754,AST-0796,Track,Engineering,COR-003,3.6,8,0,1,32,5.8,0.016,2.9,33,0.33,Low,2026-09-29,in_progress,195
MT-00755,AST-0032,Track,Engineering,COR-003,6.0,7,0,2,32,5.6,0.248,5.7,47,0.466,Low,2026-09-17,overdue,150
MT-00756,AST-0032,Track,Engineering,COR-003,5.2,7,0,2,32,4.1,0.167,5.7,38,0.376,Low,2026-10-02,completed,120
MT-00757,AST-0266,Track,Engineering,COR-003,5.4,8,0,6,32,5.1,0.298,8.7,54,0.535,Medium,2026-09-17,overdue,195
MT-00758,AST-0734,OHE,Traction Distribution,COR-010,7.6,6,0,6,20,5.1,0.092,7.2,49,0.495,Low,2026-09-20,completed,225
MT-00759,AST-0067,Track,Engineering,COR-009,4.3,8,1,4,26,6.6,0.27,10.5,55,0.552,Medium,2026-09-15,completed,240
MT-00760,AST-0204,Bridge,Engineering,COR-008,7.7,9,1,1,69,8.8,0.382,7.0,63,0.633,Medium,2026-09-14,in_progress,75
MT-00761,AST-0506,Signal,S&T,COR-006,7.2,10,2,3,73,9.5,0.479,21.4,66,0.661,High,2026-09-07,pending,60
MT-00762,AST-0122,OHE,Traction Distribution,COR-004,5.8,7,3,10,48,4.2,0.417,26.4,47,0.472,Low,2026-09-20,completed,165
MT-00763,AST-0322,Track,Engineering,COR-004,6.4,8,0,5,48,5.2,0.033,1.8,62,0.616,Medium,2026-09-22,completed,240
MT-00764,AST-0483,OHE,Traction Distribution,COR-002,5.0,6,0,0,26,3.6,0.075,11.2,37,0.366,Low,2026-09-25,in_progress,90
MT-00765,AST-0704,Signal,S&T,COR-005,5.0,10,0,6,100,8.3,0.221,11.5,64,0.635,Medium,2026-09-22,pending,90
MT-00766,AST-0082,Track,Engineering,COR-004,7.9,8,2,7,48,7.6,0.299,14.6,71,0.713,High,2026-09-06,completed,60
MT-00767,AST-0134,Bridge,Engineering,COR-001,7.1,10,2,13,45,7.9,0.145,3.8,74,0.743,High,2026-09-09,completed,195
MT-00768,AST-0624,Track,Engineering,COR-001,8.1,8,0,31,45,7.5,0.478,18.0,67,0.666,High,2026-09-06,pending,150
MT-00769,AST-0444,OHE,Traction Distribution,COR-010,1.0,6,0,0,20,3.3,0.167,11.6,21,0.205,Low,2026-10-15,overdue,75
MT-00770,AST-0679,Track,Engineering,COR-005,6.5,10,1,8,100,6.5,0.381,8.4,70,0.704,High,2026-09-10,pending,180
MT-00771,AST-0051,Station Equipment,S&T,COR-009,5.0,5,0,4,26,5.0,0.145,4.1,33,0.332,Low,2026-10-01,pending,90
MT-00772,AST-0143,Track,Engineering,COR-003,5.0,7,2,0,32,5.3,0.24,9.2,40,0.404,Low,2026-09-19,pending,75
MT-00773,AST-0503,Signal,S&T,COR-008,6.4,9,0,2,69,5.9,0.175,8.2,59,0.59,Medium,2026-09-21,in_progress,90
MT-00774,AST-0121,Signal,S&T,COR-008,6.1,10,1,6,69,8.0,0.296,4.6,59,0.586,Medium,2026-09-14,pending,120
MT-00775,AST-0722,Track,Engineering,COR-009,5.8,8,1,9,26,5.9,0.18,11.1,54,0.541,Medium,2026-09-18,completed,150
MT-00776,AST-0471,Signal,S&T,COR-001,5.1,9,1,20,45,6.8,0.246,9.9,69,0.691,High,2026-09-07,completed,120
MT-00777,AST-0401,OHE,Traction Distribution,COR-009,7.7,7,1,2,26,6.5,0.289,8.3,53,0.526,Low,2026-09-19,in_progress,210
MT-00778,AST-0774,Track,Engineering,COR-007,6.1,8,0,3,45,7.3,0.093,11.2,51,0.513,Low,2026-09-18,completed,90
MT-00779,AST-0424,Signal,S&T,COR-002,6.0,8,1,6,26,6.6,0.22,9.8,49,0.488,Low,2026-09-19,overdue,165
MT-00780,AST-0125,Signal,S&T,COR-002,6.1,9,1,4,26,6.1,0.335,8.6,57,0.572,Medium,2026-09-19,pending,165
MT-00781,AST-0125,Signal,S&T,COR-002,7.1,9,1,7,26,7.7,0.294,8.6,54,0.542,Medium,2026-09-18,pending,120
MT-00782,AST-0023,Track,Engineering,COR-008,8.5,8,1,13,69,7.8,0.473,16.9,75,0.749,Critical,2026-09-06,pending,225
MT-00783,AST-0389,Bridge,Engineering,COR-002,4.4,9,0,8,26,6.8,0.153,1.1,52,0.52,Low,2026-09-21,completed,240
MT-00784,AST-0751,Signal,S&T,COR-002,6.8,8,2,7,26,7.8,0.325,7.8,64,0.636,Medium,2026-09-13,pending,165
MT-00785,AST-0226,Signal,S&T,COR-002,5.8,9,0,7,26,6.2,0.446,5.5,54,0.537,Medium,2026-09-16,completed,90
MT-00786,AST-0564,Signal,S&T,COR-005,8.5,10,1,2,100,9.1,0.315,10.8,71,0.707,High,2026-09-09,completed,60
MT-00787,AST-0353,Track,Engineering,COR-009,7.4,7,1,2,26,4.7,0.258,4.0,40,0.404,Low,2026-09-21,completed,120
MT-00788,AST-0473,Track,Engineering,COR-005,5.2,10,1,18,100,7.0,0.464,16.2,78,0.777,Critical,2026-09-09,pending,210
MT-00789,AST-0690,Station Equipment,S&T,COR-009,8.8,4,2,6,26,5.2,0.296,1.6,47,0.468,Low,2026-09-14,pending,180
MT-00790,AST-0017,Track,Engineering,COR-003,2.2,8,4,7,32,6.3,0.304,13.4,42,0.417,Low,2026-09-15,pending,180
MT-00791,AST-0426,OHE,Traction Distribution,COR-004,6.4,8,1,1,48,6.4,0.331,12.0,48,0.482,Low,2026-09-14,completed,45
MT-00792,AST-0481,OHE,Traction Distribution,COR-009,3.2,7,0,5,26,5.4,0.017,13.7,41,0.414,Low,2026-09-18,completed,240
MT-00793,AST-0376,Signal,S&T,COR-010,9.2,8,2,0,20,5.9,0.466,40.0,49,0.486,Low,2026-09-19,completed,195
MT-00794,AST-0628,Track,Engineering,COR-005,6.7,9,2,3,100,6.8,0.344,4.7,60,0.598,Medium,2026-09-19,completed,150
MT-00795,AST-0300,Track,Engineering,COR-004,4.4,8,2,3,48,4.9,0.295,14.1,51,0.514,Low,2026-09-20,in_progress,165
MT-00796,AST-0443,OHE,Traction Distribution,COR-009,3.8,6,0,5,26,7.0,0.042,4.4,40,0.4,Low,2026-09-19,pending,165
MT-00797,AST-0660,Signal,S&T,COR-001,4.7,8,2,3,45,5.2,0.342,10.0,53,0.53,Low,2026-09-21,pending,195
MT-00798,AST-0787,Track,Engineering,COR-007,5.6,7,1,7,45,5.8,0.344,21.4,51,0.512,Low,2026-09-21,pending,30
MT-00799,AST-0723,Bridge,Engineering,COR-007,4.3,10,0,5,45,6.8,0.144,3.6,54,0.535,Medium,2026-09-15,pending,210
MT-00800,AST-0442,OHE,Traction Distribution,COR-010,4.7,7,0,28,20,3.8,0.405,16.7,54,0.541,Medium,2026-09-15,pending,105
MT-00801,AST-0001,Signal,S&T,COR-004,7.1,9,2,19,48,6.8,0.536,12.3,78,0.782,Critical,2026-09-06,completed,120
MT-00802,AST-0525,Signal,S&T,COR-002,7.2,9,1,9,26,7.8,0.518,27.2,71,0.713,High,2026-09-07,pending,225
MT-00803,AST-0046,Track,Engineering,COR-002,4.0,7,1,2,26,5.2,0.362,13.3,47,0.47,Low,2026-09-17,pending,210
MT-00804,AST-0278,Track,Engineering,COR-006,3.3,9,1,7,73,3.5,0.382,16.2,49,0.495,Low,2026-09-19,pending,135
MT-00805,AST-0785,Track,Engineering,COR-001,5.6,7,1,4,45,5.2,0.294,13.5,44,0.437,Low,2026-09-21,pending,165
MT-00806,AST-0175,Bridge,Engineering,COR-005,7.0,10,0,1,100,8.8,0.375,2.6,73,0.728,High,2026-09-09,pending,150
MT-00807,AST-0476,Station Equipment,S&T,COR-001,7.3,5,2,10,45,6.0,0.514,20.8,64,0.643,Medium,2026-09-22,pending,45
MT-00808,AST-0467,Track,Engineering,COR-001,6.9,8,2,3,45,8.0,0.468,22.6,65,0.649,High,2026-09-09,pending,180
MT-00809,AST-0272,Track,Engineering,COR-010,7.1,7,0,3,20,5.4,0.098,10.3,45,0.455,Low,2026-09-21,overdue,165
MT-00810,AST-0363,Signal,S&T,COR-009,5.8,9,1,4,26,8.1,0.026,0.5,55,0.555,Medium,2026-09-20,pending,45
MT-00811,AST-0251,Track,Engineering,COR-008,10.0,9,3,14,69,8.5,0.395,8.2,83,0.834,Critical,2026-09-08,pending,90
MT-00812,AST-0404,Station Equipment,S&T,COR-002,10.0,4,4,7,26,7.6,0.424,13.5,59,0.586,Medium,2026-09-21,in_progress,210
MT-00813,AST-0715,Station Equipment,S&T,COR-006,5.2,6,3,30,73,5.1,0.856,24.7,68,0.685,High,2026-09-11,pending,90
MT-00814,AST-0492,Track,Engineering,COR-005,3.1,9,4,0,100,3.7,0.453,22.2,51,0.507,Low,2026-09-15,in_progress,105
MT-00815,AST-0602,Track,Engineering,COR-008,5.4,8,0,2,69,7.0,0.308,11.2,51,0.506,Low,2026-09-14,pending,60
MT-00816,AST-0601,Station Equipment,S&T,COR-009,5.2,5,0,6,26,4.1,0.0,12.0,34,0.343,Low,2026-09-25,completed,135
MT-00817,AST-0545,Station Equipment,S&T,COR-009,4.3,5,0,3,26,3.8,0.068,7.3,30,0.296,Low,2026-10-15,overdue,210
MT-00818,AST-0552,Signal,S&T,COR-010,6.1,8,0,2,20,5.0,0.265,21.1,38,0.375,Low,2026-10-03,completed,30
MT-00819,AST-0689,Track,Engineering,COR-002,5.4,7,1,3,26,7.3,0.293,8.6,49,0.486,Low,2026-09-18,pending,105
MT-00820,AST-0422,Track,Engineering,COR-007,2.9,8,0,4,45,4.6,0.0,4.7,40,0.4,Low,2026-09-15,in_progress,75
MT-00821,AST-0635,Station Equipment,S&T,COR-002,4.8,5,1,2,26,6.0,0.347,24.4,44,0.439,Low,2026-09-16,pending,30
MT-00822,AST-0040,Track,Engineering,COR-007,4.9,8,1,13,45,5.5,0.314,18.2,63,0.631,Medium,2026-09-16,completed,240
MT-00823,AST-0540,Track,Engineering,COR-002,5.3,7,0,2,26,4.7,0.016,1.5,46,0.458,Low,2026-09-18,pending,120
MT-00824,AST-0436,Signal,S&T,COR-008,5.4,9,0,1,69,8.0,0.339,14.3,65,0.646,High,2026-09-07,completed,150
MT-00825,AST-0754,Signal,S&T,COR-010,4.9,9,2,7,20,6.4,0.194,17.3,47,0.473,Low,2026-09-20,pending,210
MT-00826,AST-0753,Bridge,Engineering,COR-008,6.6,10,1,1,69,7.6,0.342,6.7,54,0.543,Medium,2026-09-16,in_progress,75
MT-00827,AST-0771,Track,Engineering,COR-007,6.4,8,4,13,45,5.3,0.49,25.2,67,0.666,High,2026-09-07,pending,75
MT-00828,AST-0503,Signal,S&T,COR-008,7.2,9,0,3,69,6.9,0.284,8.2,68,0.68,High,2026-09-06,pending,105
MT-00829,AST-0210,OHE,Traction Distribution,COR-008,4.4,8,1,10,69,6.2,0.386,9.4,67,0.67,High,2026-09-06,completed,195
MT-00830,AST-0697,Track,Engineering,COR-010,4.9,8,3,8,20,4.7,0.515,22.0,54,0.535,Medium,2026-09-14,in_progress,240
MT-00831,AST-0642,Station Equipment,S&T,COR-003,6.7,5,3,3,32,4.6,0.539,16.6,36,0.362,Low,2026-10-10,pending,60
MT-00832,AST-0495,Track,Engineering,COR-001,5.0,8,1,3,45,5.6,0.11,6.9,49,0.486,Low,2026-09-21,pending,210
MT-00833,AST-0243,Signal,S&T,COR-007,4.0,9,0,8,45,6.2,0.344,11.9,58,0.577,Medium,2026-09-22,completed,195
MT-00834,AST-0031,Signal,S&T,COR-002,10.0,8,3,2,26,9.5,0.815,39.2,75,0.75,Critical,2026-09-07,in_progress,105
MT-00835,AST-0330,OHE,Traction Distribution,COR-003,8.7,7,1,6,32,6.7,0.307,6.2,65,0.653,High,2026-09-09,completed,120
MT-00836,AST-0216,Track,Engineering,COR-009,4.1,8,1,1,26,4.9,0.214,11.0,45,0.447,Low,2026-09-14,in_progress,180
MT-00837,AST-0753,Bridge,Engineering,COR-008,8.1,10,1,1,69,10.0,0.322,6.7,65,0.655,High,2026-09-06,completed,165
MT-00838,AST-0302,OHE,Traction Distribution,COR-002,2.4,7,5,13,26,4.0,0.48,20.6,41,0.411,Low,2026-09-17,completed,165
MT-00839,AST-0613,OHE,Traction Distribution,COR-010,5.7,6,0,1,20,5.1,0.0,5.0,39,0.392,Low,2026-10-08,pending,60
MT-00840,AST-0081,Track,Engineering,COR-002,4.4,8,3,17,26,5.4,0.447,6.4,52,0.524,Low,2026-09-20,in_progress,120
MT-00841,AST-0070,Track,Engineering,COR-004,6.6,8,0,7,48,6.4,0.162,4.8,64,0.638,Medium,2026-09-13,in_progress,225
MT-00842,AST-0693,Bridge,Engineering,COR-005,6.2,10,3,2,100,7.6,0.75,19.2,62,0.624,Medium,2026-09-20,pending,60
MT-00843,AST-0680,Bridge,Engineering,COR-001,5.0,10,1,3,45,7.9,0.202,6.1,58,0.584,Medium,2026-09-15,completed,210
MT-00844,AST-0750,Station Equipment,S&T,COR-004,3.6,5,1,5,48,4.3,0.164,3.0,40,0.402,Low,2026-09-15,pending,210
MT-00845,AST-0450,Signal,S&T,COR-008,5.2,9,1,11,69,7.7,0.408,7.2,65,0.653,High,2026-09-06,pending,45
MT-00846,AST-0219,Station Equipment,S&T,COR-008,8.9,5,1,12,69,7.1,0.367,10.0,61,0.61,Medium,2026-09-14,completed,195
MT-00847,AST-0353,Track,Engineering,COR-009,5.5,7,1,6,26,5.9,0.311,4.0,39,0.387,Low,2026-10-04,completed,225
MT-00848,AST-0763,Signal,S&T,COR-003,7.4,9,0,8,32,7.8,0.0,9.5,56,0.564,Medium,2026-09-14,pending,165
MT-00849,AST-0640,Track,Engineering,COR-004,4.7,8,4,3,48,7.0,0.273,15.7,48,0.481,Low,2026-09-15,completed,75
MT-00850,AST-0590,Bridge,Engineering,COR-005,9.0,10,3,3,100,7.5,0.509,17.7,81,0.806,Critical,2026-09-09,pending,195
MT-00851,AST-0460,Track,Engineering,COR-010,2.3,8,0,2,20,7.4,0.13,11.4,35,0.355,Low,2026-09-25,completed,135
MT-00852,AST-0296,Track,Engineering,COR-008,5.9,8,2,16,69,5.8,0.448,14.9,68,0.682,High,2026-09-11,in_progress,210
MT-00853,AST-0311,Bridge,Engineering,COR-005,6.2,10,2,18,100,7.1,0.633,21.3,73,0.735,High,2026-09-07,completed,240
MT-00854,AST-0601,Station Equipment,S&T,COR-009,6.8,5,0,0,26,4.0,0.127,12.0,39,0.389,Low,2026-10-11,pending,150
MT-00855,AST-0423,Signal,S&T,COR-008,5.6,9,1,11,69,5.6,0.268,7.8,51,0.51,Low,2026-09-19,pending,120
MT-00856,AST-0122,OHE,Traction Distribution,COR-004,2.5,7,3,2,48,5.5,0.362,26.4,52,0.52,Low,2026-09-20,completed,30
MT-00857,AST-0308,Station Equipment,S&T,COR-009,5.0,4,3,4,26,6.3,0.604,20.1,43,0.434,Low,2026-09-15,pending,60
MT-00858,AST-0477,OHE,Traction Distribution,COR-001,2.8,7,1,0,45,4.1,0.061,0.8,20,0.198,Low,2026-09-27,pending,210
MT-00859,AST-0113,Bridge,Engineering,COR-006,6.9,10,1,2,73,8.1,0.245,11.9,60,0.598,Medium,2026-09-13,pending,195
MT-00860,AST-0642,Station Equipment,S&T,COR-003,7.5,5,3,2,32,5.7,0.37,16.6,42,0.423,Low,2026-09-14,in_progress,225
MT-00861,AST-0429,Track,Engineering,COR-005,4.5,9,0,4,100,7.3,0.163,6.8,56,0.564,Medium,2026-09-17,pending,150
MT-00862,AST-0203,OHE,Traction Distribution,COR-006,5.5,7,4,4,73,7.9,0.521,11.9,58,0.576,Medium,2026-09-18,in_progress,240
MT-00863,AST-0561,Signal,S&T,COR-009,5.9,8,0,0,26,7.9,0.137,8.5,44,0.436,Low,2026-09-20,pending,195
MT-00864,AST-0361,Track,Engineering,COR-008,3.7,8,3,13,69,5.2,0.286,9.8,53,0.527,Low,2026-09-22,completed,30
MT-00865,AST-0003,Signal,S&T,COR-006,5.7,10,1,9,73,7.8,0.178,17.8,60,0.602,Medium,2026-09-21,overdue,150
MT-00866,AST-0800,OHE,Traction Distribution,COR-005,7.4,8,1,19,100,7.6,0.623,14.9,84,0.837,Critical,2026-09-08,pending,135
MT-00867,AST-0160,Track,Engineering,COR-008,6.1,8,3,4,69,6.4,0.468,14.8,65,0.651,High,2026-09-08,in_progress,30
MT-00868,AST-0434,Track,Engineering,COR-004,5.0,9,1,6,48,5.4,0.095,8.2,50,0.503,Low,2026-09-22,in_progress,105
MT-00869,AST-0528,Signal,S&T,COR-001,6.1,9,5,1,45,6.1,0.389,21.2,53,0.531,Low,2026-09-19,pending,90
MT-00870,AST-0686,Signal,S&T,COR-010,5.4,8,0,5,20,7.3,0.131,8.7,43,0.434,Low,2026-09-16,completed,105
MT-00871,AST-0762,Track,Engineering,COR-006,3.6,10,0,2,73,7.7,0.361,4.5,57,0.573,Medium,2026-09-21,completed,165
MT-00872,AST-0506,Signal,S&T,COR-006,7.6,10,2,14,73,7.8,0.53,21.4,79,0.786,Critical,2026-09-06,completed,195
MT-00873,AST-0597,Station Equipment,S&T,COR-001,8.1,6,4,18,45,6.5,0.537,22.4,65,0.652,High,2026-09-10,overdue,210
MT-00874,AST-0663,Signal,S&T,COR-007,6.7,10,1,2,45,8.9,0.432,22.3,65,0.646,High,2026-09-11,in_progress,210
MT-00875,AST-0544,Bridge,Engineering,COR-010,6.6,9,2,6,20,5.4,0.406,6.1,56,0.565,Medium,2026-09-17,completed,210
MT-00876,AST-0456,Bridge,Engineering,COR-003,4.7,9,4,6,32,5.9,0.185,6.1,45,0.453,Low,2026-09-18,pending,240
MT-00877,AST-0299,Track,Engineering,COR-007,6.2,9,0,1,45,9.0,0.074,6.5,60,0.603,Medium,2026-09-12,overdue,90
MT-00878,AST-0358,Signal,S&T,COR-001,5.0,9,1,3,45,6.8,0.213,6.1,51,0.509,Low,2026-09-18,in_progress,105
MT-00879,AST-0315,Signal,S&T,COR-004,3.0,8,1,10,48,4.1,0.196,7.5,56,0.559,Medium,2026-09-15,pending,90
MT-00880,AST-0423,Signal,S&T,COR-008,6.6,9,1,7,69,7.3,0.269,7.8,66,0.662,High,2026-09-11,completed,180
MT-00881,AST-0178,OHE,Traction Distribution,COR-007,2.6,7,2,4,45,5.6,0.235,6.9,52,0.518,Low,2026-09-15,in_progress,195
MT-00882,AST-0751,Signal,S&T,COR-002,5.6,8,2,6,26,3.7,0.128,7.8,51,0.514,Low,2026-09-15,overdue,90
MT-00883,AST-0385,Bridge,Engineering,COR-010,4.6,8,2,18,20,6.0,0.146,7.9,55,0.547,Medium,2026-09-16,completed,75
MT-00884,AST-0800,OHE,Traction Distribution,COR-005,6.1,8,1,1,100,6.1,0.643,14.9,58,0.583,Medium,2026-09-19,completed,60
MT-00885,AST-0792,Station Equipment,S&T,COR-004,5.0,4,0,1,48,2.4,0.109,6.0,28,0.284,Low,2026-10-15,in_progress,60
MT-00886,AST-0609,Track,Engineering,COR-005,6.2,10,6,18,100,7.6,0.711,20.7,84,0.843,Critical,2026-09-08,in_progress,75
MT-00887,AST-0008,Track,Engineering,COR-005,6.0,9,1,6,100,6.8,0.161,4.6,65,0.648,High,2026-09-07,completed,150
MT-00888,AST-0257,OHE,Traction Distribution,COR-007,5.1,6,0,0,45,5.0,0.15,10.3,36,0.364,Low,2026-10-11,pending,45
MT-00889,AST-0316,OHE,Traction Distribution,COR-009,4.5,6,1,1,26,4.5,0.324,23.4,42,0.419,Low,2026-09-17,pending,240
MT-00890,AST-0159,Track,Engineering,COR-005,7.9,9,2,10,100,6.6,0.343,10.9,74,0.736,High,2026-09-08,overdue,150
MT-00891,AST-0484,Bridge,Engineering,COR-001,5.6,10,0,4,45,5.8,0.277,3.3,60,0.596,Medium,2026-09-22,overdue,30
MT-00892,AST-0251,Track,Engineering,COR-008,6.9,9,3,10,69,6.6,0.384,8.2,62,0.625,Medium,2026-09-17,overdue,225
MT-00893,AST-0405,Station Equipment,S&T,COR-005,9.6,6,3,22,100,7.7,0.651,18.7,87,0.866,Critical,2026-09-04,pending,240
MT-00894,AST-0193,Track,Engineering,COR-001,7.7,8,1,3,45,7.3,0.263,2.6,60,0.597,Medium,2026-09-22,pending,240
MT-00895,AST-0745,OHE,Traction Distribution,COR-004,6.3,8,0,3,48,6.5,0.211,6.2,59,0.587,Medium,2026-09-14,overdue,30
MT-00896,AST-0503,Signal,S&T,COR-008,4.9,9,0,1,69,5.4,0.347,8.2,57,0.572,Medium,2026-09-21,pending,90
MT-00897,AST-0771,Track,Engineering,COR-007,4.5,8,4,13,45,5.4,0.627,25.2,59,0.591,Medium,2026-09-22,in_progress,105
MT-00898,AST-0199,Signal,S&T,COR-008,5.5,8,1,0,69,6.9,0.183,9.1,50,0.502,Low,2026-09-17,pending,105
MT-00899,AST-0163,Signal,S&T,COR-002,7.3,8,1,19,26,7.4,0.261,10.6,73,0.732,High,2026-09-08,completed,60
MT-00900,AST-0690,Station Equipment,S&T,COR-009,5.6,4,2,0,26,3.8,0.199,1.6,31,0.31,Low,2026-09-26,in_progress,120
MT-00901,AST-0590,Bridge,Engineering,COR-005,1.1,10,3,14,100,2.8,0.531,17.7,63,0.627,Medium,2026-09-12,pending,150
MT-00902,AST-0366,Signal,S&T,COR-007,7.2,7,3,0,45,5.7,0.346,7.6,48,0.475,Low,2026-09-22,in_progress,180
MT-00903,AST-0247,Bridge,Engineering,COR-004,7.6,10,1,1,48,7.6,0.444,22.3,53,0.527,Low,2026-09-16,pending,195
MT-00904,AST-0029,Bridge,Engineering,COR-010,4.3,9,0,2,20,5.3,0.158,13.8,37,0.366,Low,2026-10-09,completed,165
MT-00905,AST-0191,Signal,S&T,COR-009,7.0,9,1,3,26,6.9,0.279,19.6,57,0.566,Medium,2026-09-14,completed,135
MT-00906,AST-0304,Track,Engineering,COR-009,6.3,8,1,4,26,7.3,0.373,3.8,57,0.573,Medium,2026-09-15,completed,105
MT-00907,AST-0149,Track,Engineering,COR-007,3.8,8,0,5,45,5.5,0.149,5.7,48,0.484,Low,2026-09-21,pending,195
MT-00908,AST-0658,Track,Engineering,COR-008,8.0,8,4,8,69,8.2,0.473,9.1,76,0.756,Critical,2026-09-09,pending,135
MT-00909,AST-0296,Track,Engineering,COR-008,4.3,8,2,3,69,4.2,0.541,14.9,53,0.534,Low,2026-09-14,pending,195
MT-00910,AST-0339,Track,Engineering,COR-007,5.7,8,1,3,45,6.0,0.38,14.4,48,0.483,Low,2026-09-12,overdue,90
MT-00911,AST-0480,Station Equipment,S&T,COR-008,5.2,6,0,1,69,3.1,0.197,15.6,44,0.445,Low,2026-09-21,pending,135
MT-00912,AST-0088,OHE,Traction Distribution,COR-009,4.5,7,1,7,26,4.9,0.372,14.1,48,0.477,Low,2026-09-12,in_progress,165
MT-00913,AST-0527,Track,Engineering,COR-009,7.7,8,4,2,26,6.0,0.614,40.0,53,0.528,Low,2026-09-12,pending,195
MT-00914,AST-0529,Bridge,Engineering,COR-004,8.3,10,1,6,48,9.6,0.445,5.0,74,0.741,High,2026-09-07,overdue,75
MT-00915,AST-0146,Track,Engineering,COR-006,8.1,8,1,25,73,7.6,0.376,19.1,76,0.76,Critical,2026-09-11,completed,165
MT-00916,AST-0136,Track,Engineering,COR-007,6.9,8,1,1,45,7.8,0.389,11.5,53,0.527,Low,2026-09-19,pending,135
MT-00917,AST-0318,Bridge,Engineering,COR-005,3.4,10,1,0,100,5.9,0.475,3.8,56,0.557,Medium,2026-09-12,completed,165
MT-00918,AST-0328,Track,Engineering,COR-010,3.0,7,2,12,20,3.7,0.278,3.6,50,0.503,Low,2026-09-22,in_progress,195
MT-00919,AST-0243,Signal,S&T,COR-007,5.7,9,0,2,45,5.7,0.264,11.9,58,0.582,Medium,2026-09-22,completed,45
MT-00920,AST-0036,OHE,Traction Distribution,COR-004,6.6,6,2,5,48,5.9,0.478,14.2,55,0.545,Medium,2026-09-19,overdue,195
MT-00921,AST-0369,OHE,Traction Distribution,COR-002,4.2,6,0,3,26,6.5,0.221,12.6,41,0.414,Low,2026-09-12,completed,195
MT-00922,AST-0449,Bridge,Engineering,COR-008,9.6,10,4,24,69,9.3,0.599,20.7,80,0.804,Critical,2026-09-06,completed,90
MT-00923,AST-0406,OHE,Traction Distribution,COR-006,6.2,8,0,13,73,6.1,0.401,14.4,74,0.742,High,2026-09-11,in_progress,150
MT-00924,AST-0159,Track,Engineering,COR-005,6.6,9,2,0,100,7.0,0.371,10.9,67,0.674,High,2026-09-10,pending,75
MT-00925,AST-0074,Signal,S&T,COR-005,6.4,10,3,7,100,7.5,0.16,2.2,73,0.727,High,2026-09-10,completed,180
MT-00926,AST-0698,Track,Engineering,COR-010,5.5,7,0,7,20,7.7,0.253,9.0,40,0.399,Low,2026-09-17,completed,105
MT-00927,AST-0558,Track,Engineering,COR-008,10.0,9,0,5,69,9.7,0.549,10.1,77,0.771,Critical,2026-09-09,pending,240
MT-00928,AST-0138,Track,Engineering,COR-001,4.3,8,2,13,45,6.0,0.356,8.7,56,0.562,Medium,2026-09-13,in_progress,30
MT-00929,AST-0642,Station Equipment,S&T,COR-003,5.3,5,3,8,32,4.7,0.468,16.6,50,0.505,Low,2026-09-12,pending,150
MT-00930,AST-0017,Track,Engineering,COR-003,4.1,8,4,4,32,5.9,0.338,13.4,45,0.449,Low,2026-09-14,pending,30
MT-00931,AST-0656,OHE,Traction Distribution,COR-007,8.0,7,1,2,45,7.2,0.319,5.9,54,0.542,Medium,2026-09-18,completed,90
MT-00932,AST-0495,Track,Engineering,COR-001,5.7,8,1,2,45,5.9,0.108,6.9,51,0.508,Low,2026-09-16,pending,75
MT-00933,AST-0619,Track,Engineering,COR-006,6.5,7,3,19,73,5.3,0.633,34.2,64,0.644,Medium,2026-09-18,completed,210
MT-00934,AST-0219,Station Equipment,S&T,COR-008,4.6,5,1,33,69,5.4,0.343,10.0,55,0.553,Medium,2026-09-16,pending,195
MT-00935,AST-0634,Track,Engineering,COR-001,7.0,8,0,2,45,6.8,0.164,4.6,54,0.536,Medium,2026-09-18,completed,210
MT-00936,AST-0036,OHE,Traction Distribution,COR-004,7.2,6,2,5,48,6.8,0.53,14.2,64,0.636,Medium,2026-09-22,overdue,210
MT-00937,AST-0020,Station Equipment,S&T,COR-009,6.4,4,0,7,26,6.2,0.0,2.4,47,0.467,Low,2026-09-18,completed,225
MT-00938,AST-0070,Track,Engineering,COR-004,4.9,8,0,10,48,6.5,0.211,4.8,61,0.611,Medium,2026-09-22,completed,60
MT-00939,AST-0579,Track,Engineering,COR-009,5.6,8,1,6,26,6.6,0.194,7.2,51,0.512,Low,2026-09-22,pending,210
MT-00940,AST-0481,OHE,Traction Distribution,COR-009,4.8,7,0,1,26,8.6,0.118,13.7,52,0.519,Low,2026-09-18,pending,105
MT-00941,AST-0745,OHE,Traction Distribution,COR-004,4.4,8,0,6,48,6.0,0.342,6.2,43,0.435,Low,2026-09-22,completed,45
MT-00942,AST-0032,Track,Engineering,COR-003,4.7,7,0,0,32,4.3,0.111,5.7,47,0.471,Low,2026-09-14,completed,60
MT-00943,AST-0524,Track,Engineering,COR-002,3.3,8,1,10,26,5.0,0.173,22.3,57,0.571,Medium,2026-09-17,completed,90
MT-00944,AST-0727,Station Equipment,S&T,COR-010,7.2,5,3,3,20,6.9,0.461,18.5,51,0.507,Low,2026-09-12,completed,240
MT-00945,AST-0022,Signal,S&T,COR-002,6.5,10,2,3,26,6.3,0.256,2.4,58,0.584,Medium,2026-09-13,pending,150
MT-00946,AST-0768,Track,Engineering,COR-002,5.8,8,0,8,26,5.6,0.041,4.2,49,0.495,Low,2026-09-13,pending,45
MT-00947,AST-0556,Track,Engineering,COR-001,8.4,7,2,27,45,8.0,0.64,26.9,73,0.734,High,2026-09-06,overdue,165
MT-00948,AST-0002,Track,Engineering,COR-005,6.0,9,2,4,100,6.6,0.424,10.1,62,0.62,Medium,2026-09-16,in_progress,135
MT-00949,AST-0655,Track,Engineering,COR-010,9.7,8,4,4,20,7.8,0.676,28.4,65,0.647,High,2026-09-10,completed,225
MT-00950,AST-0595,Track,Engineering,COR-001,8.1,8,2,1,45,8.3,0.473,15.0,63,0.629,Medium,2026-09-22,in_progress,45
MT-00951,AST-0440,Bridge,Engineering,COR-007,7.6,10,2,7,45,7.3,0.389,9.4,68,0.684,High,2026-09-11,overdue,180
MT-00952,AST-0164,Track,Engineering,COR-008,9.6,8,3,6,69,6.4,0.661,21.9,81,0.81,Critical,2026-09-07,completed,210
MT-00953,AST-0139,Bridge,Engineering,COR-008,6.4,10,3,2,69,6.2,0.571,10.2,63,0.631,Medium,2026-09-16,pending,90
MT-00954,AST-0739,OHE,Traction Distribution,COR-007,6.0,7,3,3,45,6.5,0.247,9.8,43,0.426,Low,2026-09-16,completed,120
MT-00955,AST-0635,Station Equipment,S&T,COR-002,6.9,5,1,10,26,5.5,0.365,24.4,60,0.595,Medium,2026-09-13,pending,135
MT-00956,AST-0690,Station Equipment,S&T,COR-009,3.2,4,2,2,26,2.6,0.221,1.6,22,0.215,Low,2026-09-23,pending,30
MT-00957,AST-0007,Signal,S&T,COR-003,4.2,9,4,10,32,5.0,0.443,6.1,52,0.516,Low,2026-09-15,completed,105
MT-00958,AST-0267,Bridge,Engineering,COR-007,3.4,10,3,4,45,6.1,0.293,10.7,53,0.526,Low,2026-09-21,pending,30
MT-00959,AST-0175,Bridge,Engineering,COR-005,5.9,10,0,6,100,8.5,0.502,2.6,75,0.748,Critical,2026-09-08,pending,45
MT-00960,AST-0630,Track,Engineering,COR-002,4.9,6,0,10,26,4.1,0.219,14.2,38,0.377,Low,2026-10-02,completed,240
MT-00961,AST-0520,Track,Engineering,COR-008,2.9,9,1,5,69,5.0,0.281,16.0,47,0.468,Low,2026-09-22,overdue,30
MT-00962,AST-0320,OHE,Traction Distribution,COR-010,5.0,6,1,1,20,3.8,0.163,11.0,27,0.275,Low,2026-10-02,pending,180
MT-00963,AST-0222,OHE,Traction Distribution,COR-008,5.5,8,2,2,69,5.8,0.285,8.9,56,0.557,Medium,2026-09-19,completed,90
MT-00964,AST-0107,Track,Engineering,COR-007,8.1,8,3,10,45,7.6,0.539,13.0,74,0.74,High,2026-09-11,in_progress,165
MT-00965,AST-0174,Station Equipment,S&T,COR-008,8.5,5,1,1,69,8.0,0.342,7.2,50,0.502,Low,2026-09-13,pending,240
MT-00966,AST-0045,Bridge,Engineering,COR-005,5.8,10,2,3,100,7.5,0.105,2.3,68,0.682,High,2026-09-09,completed,150
MT-00967,AST-0713,Signal,S&T,COR-009,4.4,8,1,0,26,5.7,0.316,7.5,47,0.469,Low,2026-09-15,in_progress,105
MT-00968,AST-0218,Track,Engineering,COR-002,5.7,7,0,5,26,6.6,0.172,10.6,45,0.447,Low,2026-09-13,completed,180
MT-00969,AST-0544,Bridge,Engineering,COR-010,5.6,9,2,9,20,7.4,0.341,6.1,48,0.477,Low,2026-09-12,completed,180
MT-00970,AST-0089,Signal,S&T,COR-010,4.4,8,1,3,20,5.2,0.242,10.6,38,0.375,Low,2026-10-08,overdue,30
MT-00971,AST-0591,Station Equipment,S&T,COR-006,5.7,6,0,4,73,7.6,0.679,17.2,56,0.563,Medium,2026-09-19,completed,210
MT-00972,AST-0570,Track,Engineering,COR-004,4.7,9,0,1,48,6.4,0.302,14.9,58,0.577,Medium,2026-09-18,pending,30
MT-00973,AST-0336,OHE,Traction Distribution,COR-007,5.9,7,2,18,45,6.1,0.546,29.0,62,0.623,Medium,2026-09-19,completed,45
MT-00974,AST-0523,Bridge,Engineering,COR-002,6.5,10,0,4,26,8.2,0.295,11.4,54,0.537,Medium,2026-09-19,completed,150
MT-00975,AST-0418,Station Equipment,S&T,COR-001,6.0,5,3,7,45,5.2,0.214,12.9,48,0.481,Low,2026-09-12,pending,60
MT-00976,AST-0075,Bridge,Engineering,COR-006,8.4,10,2,10,73,9.9,0.271,9.7,71,0.706,High,2026-09-06,completed,240
MT-00977,AST-0640,Track,Engineering,COR-004,6.4,8,4,4,48,6.0,0.333,15.7,57,0.571,Medium,2026-09-15,completed,30
MT-00978,AST-0235,OHE,Traction Distribution,COR-002,5.6,6,0,3,26,6.0,0.14,4.2,38,0.375,Low,2026-10-06,pending,90
MT-00979,AST-0305,Bridge,Engineering,COR-009,5.0,9,2,3,26,6.7,0.271,11.4,46,0.456,Low,2026-09-21,pending,120
MT-00980,AST-0476,Station Equipment,S&T,COR-001,4.4,5,2,9,45,5.2,0.406,20.8,50,0.496,Low,2026-09-22,in_progress,105
MT-00981,AST-0050,Track,Engineering,COR-002,3.5,7,1,1,26,4.7,0.095,11.0,44,0.438,Low,2026-09-21,pending,195
MT-00982,AST-0030,Track,Engineering,COR-005,5.8,8,3,9,100,6.0,0.581,6.8,79,0.789,Critical,2026-09-07,completed,30
MT-00983,AST-0800,OHE,Traction Distribution,COR-005,2.7,8,1,3,100,5.8,0.495,14.9,49,0.491,Low,2026-09-18,pending,90
MT-00984,AST-0009,Station Equipment,S&T,COR-002,3.4,5,1,14,26,4.2,0.262,1.2,40,0.397,Low,2026-09-13,completed,240
MT-00985,AST-0255,Signal,S&T,COR-003,8.2,8,3,5,32,6.5,0.309,14.0,60,0.603,Medium,2026-09-17,completed,90
MT-00986,AST-0625,Signal,S&T,COR-003,6.1,8,3,13,32,7.8,0.394,26.0,68,0.681,High,2026-09-06,pending,105
MT-00987,AST-0762,Track,Engineering,COR-006,5.1,10,0,7,73,7.8,0.364,4.5,54,0.544,Medium,2026-09-22,in_progress,60
MT-00988,AST-0457,Track,Engineering,COR-002,5.6,7,0,0,26,5.7,0.258,11.0,43,0.426,Low,2026-09-16,pending,90
MT-00989,AST-0600,Track,Engineering,COR-006,2.7,9,1,12,73,5.1,0.4,6.4,55,0.553,Medium,2026-09-19,pending,120
MT-00990,AST-0256,Signal,S&T,COR-010,4.7,8,0,0,20,6.2,0.124,7.5,31,0.309,Low,2026-09-25,in_progress,90
MT-00991,AST-0293,Track,Engineering,COR-001,8.1,9,2,21,45,8.4,0.448,11.0,68,0.684,High,2026-09-11,pending,90
MT-00992,AST-0437,Signal,S&T,COR-004,5.7,10,2,4,48,5.7,0.39,15.5,54,0.544,Medium,2026-09-17,completed,90
MT-00993,AST-0575,Signal,S&T,COR-005,3.9,10,3,38,100,6.9,0.61,9.1,77,0.77,Critical,2026-09-06,completed,165
MT-00994,AST-0401,OHE,Traction Distribution,COR-009,4.7,7,1,7,26,6.0,0.394,8.3,54,0.543,Medium,2026-09-16,pending,165
MT-00995,AST-0736,Signal,S&T,COR-004,8.0,9,1,3,48,5.3,0.386,6.1,60,0.604,Medium,2026-09-14,pending,60
MT-00996,AST-0333,Track,Engineering,COR-005,6.7,8,2,18,100,6.9,0.503,9.6,80,0.799,Critical,2026-09-06,completed,30
MT-00997,AST-0231,Signal,S&T,COR-005,6.1,10,4,4,100,8.1,0.881,15.8,75,0.753,Critical,2026-09-06,pending,90
MT-00998,AST-0050,Track,Engineering,COR-002,8.2,7,1,2,26,7.4,0.102,11.0,47,0.473,Low,2026-09-19,completed,225
MT-00999,AST-0574,OHE,Traction Distribution,COR-003,3.2,6,1,0,32,5.1,0.25,3.4,34,0.338,Low,2026-10-13,pending,150
MT-01000,AST-0498,OHE,Traction Distribution,COR-006,7.3,8,3,1,73,6.6,0.621,32.8,65,0.648,High,2026-09-09,overdue,225
MT-01001,AST-0461,Signal,S&T,COR-001,4.6,9,1,9,45,5.3,0.449,37.0,62,0.62,Medium,2026-09-19,pending,30
MT-01002,AST-0438,Track,Engineering,COR-004,5.9,8,7,1,48,4.6,0.752,35.9,52,0.524,Low,2026-09-12,in_progress,60
MT-01003,AST-0419,Signal,S&T,COR-006,4.9,9,2,8,73,7.6,0.282,9.6,58,0.577,Medium,2026-09-13,in_progress,210
MT-01004,AST-0625,Signal,S&T,COR-003,6.5,8,3,5,32,7.3,0.339,26.0,57,0.574,Medium,2026-09-12,pending,210
MT-01005,AST-0710,Signal,S&T,COR-010,6.8,9,2,0,20,8.4,0.155,3.4,53,0.534,Low,2026-09-22,completed,75
MT-01006,AST-0081,Track,Engineering,COR-002,5.2,8,3,18,26,5.4,0.351,6.4,63,0.634,Medium,2026-09-20,pending,225
MT-01007,AST-0676,OHE,Traction Distribution,COR-005,3.7,8,2,0,100,6.3,0.303,5.9,48,0.485,Low,2026-09-22,pending,30
MT-01008,AST-0539,Bridge,Engineering,COR-004,6.9,10,1,3,48,6.3,0.465,21.2,57,0.574,Medium,2026-09-21,pending,30
MT-01009,AST-0430,Track,Engineering,COR-002,6.6,7,0,10,26,5.3,0.38,23.5,58,0.583,Medium,2026-09-14,completed,135
MT-01010,AST-0786,Track,Engineering,COR-010,5.5,7,1,1,20,5.8,0.283,18.6,41,0.406,Low,2026-09-17,completed,45
MT-01011,AST-0425,Track,Engineering,COR-010,4.9,7,0,3,20,6.1,0.106,5.1,40,0.395,Low,2026-09-19,pending,195
MT-01012,AST-0086,Track,Engineering,COR-001,4.7,7,1,5,45,7.1,0.089,13.2,54,0.545,Medium,2026-09-20,completed,240
MT-01013,AST-0709,Signal,S&T,COR-002,5.0,9,1,1,26,6.3,0.151,9.0,39,0.387,Low,2026-10-09,completed,135
MT-01014,AST-0723,Bridge,Engineering,COR-007,4.6,10,0,2,45,6.0,0.079,3.6,59,0.594,Medium,2026-09-16,pending,120
MT-01015,AST-0226,Signal,S&T,COR-002,7.2,9,0,0,26,6.5,0.339,5.5,49,0.489,Low,2026-09-12,pending,165
MT-01016,AST-0516,OHE,Traction Distribution,COR-007,8.6,7,1,1,45,6.3,0.244,1.3,58,0.576,Medium,2026-09-22,pending,165
MT-01017,AST-0704,Signal,S&T,COR-005,5.5,10,0,0,100,9.4,0.283,11.5,64,0.64,Medium,2026-09-19,pending,45
MT-01018,AST-0335,Signal,S&T,COR-005,6.2,10,4,8,100,8.2,0.476,8.1,76,0.756,Critical,2026-09-11,completed,105
MT-01019,AST-0772,OHE,Traction Distribution,COR-010,5.6,7,3,3,20,6.9,0.292,12.2,46,0.455,Low,2026-09-14,in_progress,105
MT-01020,AST-0562,OHE,Traction Distribution,COR-004,4.6,7,2,0,48,5.1,0.258,4.5,46,0.464,Low,2026-09-13,pending,60
MT-01021,AST-0647,OHE,Traction Distribution,COR-003,6.8,6,0,8,32,5.7,0.304,11.9,50,0.503,Low,2026-09-21,completed,180
MT-01022,AST-0087,Signal,S&T,COR-005,8.0,9,5,6,100,8.4,0.587,5.7,73,0.733,High,2026-09-10,pending,45
MT-01023,AST-0478,Signal,S&T,COR-004,3.9,9,2,4,48,5.6,0.095,11.3,57,0.566,Medium,2026-09-21,completed,195
MT-01024,AST-0440,Bridge,Engineering,COR-007,6.8,10,2,1,45,7.4,0.353,9.4,59,0.585,Medium,2026-09-16,completed,30
MT-01025,AST-0712,OHE,Traction Distribution,COR-008,5.0,7,4,0,69,4.8,0.255,7.2,42,0.42,Low,2026-09-21,pending,105
MT-01026,AST-0322,Track,Engineering,COR-004,2.6,8,0,2,48,4.6,0.073,1.8,31,0.313,Low,2026-09-28,in_progress,195
MT-01027,AST-0590,Bridge,Engineering,COR-005,7.1,10,3,5,100,7.9,0.505,17.7,83,0.828,Critical,2026-09-10,pending,90
MT-01028,AST-0103,Station Equipment,S&T,COR-010,5.0,4,0,8,20,3.2,0.079,4.0,33,0.329,Low,2026-10-04,overdue,225
MT-01029,AST-0197,Station Equipment,S&T,COR-009,6.6,4,1,6,26,4.9,0.229,9.2,53,0.531,Low,2026-09-13,pending,225
MT-01030,AST-0058,Bridge,Engineering,COR-008,8.1,10,5,3,69,8.5,0.617,8.0,74,0.736,High,2026-09-10,completed,180
MT-01031,AST-0209,Track,Engineering,COR-010,3.8,8,0,3,20,5.3,0.02,0.9,40,0.398,Low,2026-09-15,overdue,150
MT-01032,AST-0037,OHE,Traction Distribution,COR-003,4.5,7,0,0,32,4.5,0.163,6.9,38,0.384,Low,2026-09-26,in_progress,30
MT-01033,AST-0076,Track,Engineering,COR-004,6.3,8,2,11,48,6.6,0.466,21.2,74,0.738,High,2026-09-10,completed,240
MT-01034,AST-0212,Track,Engineering,COR-008,6.5,8,1,8,69,6.1,0.287,6.8,50,0.5,Low,2026-09-20,in_progress,240
MT-01035,AST-0713,Signal,S&T,COR-009,6.3,8,1,2,26,6.6,0.347,7.5,51,0.514,Low,2026-09-15,pending,120
MT-01036,AST-0509,Bridge,Engineering,COR-005,7.5,10,1,5,100,9.1,0.572,11.6,76,0.757,Critical,2026-09-11,overdue,240
MT-01037,AST-0336,OHE,Traction Distribution,COR-007,6.0,7,2,1,45,4.6,0.371,29.0,45,0.453,Low,2026-09-19,in_progress,90
MT-01038,AST-0445,Track,Engineering,COR-005,6.1,9,0,10,100,9.1,0.14,9.0,72,0.717,High,2026-09-06,completed,90
MT-01039,AST-0617,Signal,S&T,COR-003,3.8,9,0,1,32,5.9,0.204,17.4,42,0.425,Low,2026-09-15,completed,225
MT-01040,AST-0132,Track,Engineering,COR-010,8.4,8,2,2,20,7.8,0.092,9.2,54,0.539,Medium,2026-09-22,pending,45
MT-01041,AST-0510,Track,Engineering,COR-004,6.3,9,0,5,48,6.3,0.322,4.9,58,0.576,Medium,2026-09-13,pending,180
MT-01042,AST-0666,OHE,Traction Distribution,COR-002,3.5,6,0,0,26,5.5,0.283,9.6,29,0.29,Low,2026-10-15,pending,60
MT-01043,AST-0477,OHE,Traction Distribution,COR-001,4.7,7,1,3,45,5.3,0.054,0.8,45,0.448,Low,2026-09-17,pending,120
MT-01044,AST-0643,Track,Engineering,COR-001,5.2,7,0,3,45,5.2,0.028,5.2,47,0.471,Low,2026-09-19,completed,105
MT-01045,AST-0674,Track,Engineering,COR-002,4.3,8,2,22,26,5.1,0.166,4.7,51,0.509,Low,2026-09-19,pending,195
MT-01046,AST-0106,OHE,Traction Distribution,COR-010,2.0,6,0,0,20,3.5,0.134,6.3,36,0.357,Low,2026-10-05,overdue,45
MT-01047,AST-0108,Track,Engineering,COR-001,4.2,9,2,2,45,6.6,0.394,14.5,58,0.576,Medium,2026-09-17,pending,105
MT-01048,AST-0223,OHE,Traction Distribution,COR-010,5.6,7,1,1,20,5.9,0.157,11.1,46,0.457,Low,2026-09-18,in_progress,45
MT-01049,AST-0026,Signal,S&T,COR-001,3.0,9,4,15,45,5.7,0.284,31.5,60,0.598,Medium,2026-09-19,pending,45
MT-01050,AST-0245,OHE,Traction Distribution,COR-001,2.6,6,1,4,45,3.3,0.196,11.0,36,0.36,Low,2026-10-10,pending,45
MT-01051,AST-0236,Signal,S&T,COR-009,6.4,9,3,1,26,6.3,0.302,9.2,56,0.562,Medium,2026-09-16,in_progress,225
MT-01052,AST-0392,Track,Engineering,COR-003,6.1,7,2,9,32,5.5,0.433,20.0,62,0.623,Medium,2026-09-16,pending,240
MT-01053,AST-0537,Signal,S&T,COR-005,6.1,10,4,0,100,7.9,0.631,16.3,72,0.717,High,2026-09-10,completed,180
MT-01054,AST-0224,Station Equipment,S&T,COR-004,5.4,5,2,2,48,5.3,0.459,25.9,42,0.419,Low,2026-09-20,in_progress,60
MT-01055,AST-0062,OHE,Traction Distribution,COR-003,3.1,7,1,5,32,5.5,0.293,14.6,43,0.426,Low,2026-09-19,pending,240
MT-01056,AST-0075,Bridge,Engineering,COR-006,6.3,10,2,9,73,7.5,0.228,9.7,70,0.703,High,2026-09-08,in_progress,45
MT-01057,AST-0571,Track,Engineering,COR-005,5.3,7,3,13,100,6.0,0.496,7.5,71,0.706,High,2026-09-09,pending,75
MT-01058,AST-0752,OHE,Traction Distribution,COR-006,4.4,8,0,7,73,5.6,0.238,6.8,54,0.543,Medium,2026-09-18,pending,150
MT-01059,AST-0544,Bridge,Engineering,COR-010,6.1,9,2,8,20,5.2,0.329,6.1,51,0.515,Low,2026-09-16,completed,105
MT-01060,AST-0666,OHE,Traction Distribution,COR-002,4.8,6,0,9,26,4.7,0.255,9.6,53,0.533,Low,2026-09-13,pending,30
MT-01061,AST-0599,Signal,S&T,COR-003,4.0,7,0,1,32,4.7,0.208,18.7,33,0.33,Low,2026-10-05,pending,135
MT-01062,AST-0343,OHE,Traction Distribution,COR-003,2.3,6,4,10,32,2.9,0.265,5.5,34,0.34,Low,2026-10-03,in_progress,240
MT-01063,AST-0608,Track,Engineering,COR-001,5.9,7,3,4,45,5.3,0.273,9.7,43,0.426,Low,2026-09-12,in_progress,195
MT-01064,AST-0607,Signal,S&T,COR-009,6.7,8,2,7,26,6.8,0.56,32.1,54,0.542,Medium,2026-09-22,overdue,225
MT-01065,AST-0454,Station Equipment,S&T,COR-003,4.3,5,2,4,32,3.1,0.237,5.0,42,0.421,Low,2026-09-19,completed,120
MT-01066,AST-0696,OHE,Traction Distribution,COR-003,2.3,6,0,1,32,3.2,0.071,4.0,35,0.35,Low,2026-09-25,completed,165
MT-01067,AST-0669,Signal,S&T,COR-008,4.7,9,1,3,69,7.9,0.198,6.9,56,0.558,Medium,2026-09-14,in_progress,60
MT-01068,AST-0549,Signal,S&T,COR-003,5.8,8,2,2,32,4.7,0.275,0.8,49,0.487,Low,2026-09-18,pending,30
MT-01069,AST-0272,Track,Engineering,COR-010,4.7,7,0,0,20,5.2,0.184,10.3,38,0.376,Low,2026-10-13,pending,90
MT-01070,AST-0209,Track,Engineering,COR-010,6.6,8,0,2,20,5.5,0.078,0.9,39,0.392,Low,2026-10-04,completed,210
MT-01071,AST-0174,Station Equipment,S&T,COR-008,6.4,5,1,5,69,4.3,0.192,7.2,59,0.592,Medium,2026-09-20,pending,75
MT-01072,AST-0534,Bridge,Engineering,COR-010,5.5,10,3,0,20,7.0,0.37,10.6,57,0.574,Medium,2026-09-13,pending,165
MT-01073,AST-0771,Track,Engineering,COR-007,7.9,8,4,7,45,6.2,0.61,25.2,66,0.657,High,2026-09-09,completed,135
MT-01074,AST-0662,Station Equipment,S&T,COR-005,6.5,5,1,2,100,5.7,0.555,10.3,52,0.519,Low,2026-09-21,completed,30
MT-01075,AST-0030,Track,Engineering,COR-005,7.0,8,3,3,100,8.2,0.552,6.8,67,0.672,High,2026-09-11,in_progress,165
MT-01076,AST-0517,Bridge,Engineering,COR-008,8.6,10,1,7,69,9.3,0.546,17.7,74,0.735,High,2026-09-07,pending,30
MT-01077,AST-0367,Signal,S&T,COR-008,3.5,9,1,3,69,6.9,0.19,16.9,52,0.523,Low,2026-09-19,overdue,195
MT-01078,AST-0150,Track,Engineering,COR-008,6.7,8,0,6,69,5.3,0.634,14.1,64,0.641,Medium,2026-09-12,pending,75
MT-01079,AST-0317,OHE,Traction Distribution,COR-003,8.2,7,3,19,32,6.5,0.4,27.7,64,0.637,Medium,2026-09-13,overdue,135
MT-01080,AST-0050,Track,Engineering,COR-002,4.9,7,1,7,26,5.9,0.039,11.0,38,0.38,Low,2026-10-14,pending,90
MT-01081,AST-0328,Track,Engineering,COR-010,4.5,7,2,5,20,6.2,0.128,3.6,54,0.54,Medium,2026-09-20,overdue,45
MT-01082,AST-0277,Signal,S&T,COR-010,2.0,9,0,8,20,7.1,0.147,12.1,47,0.473,Low,2026-09-14,overdue,105
MT-01083,AST-0725,OHE,Traction Distribution,COR-010,1.2,7,0,1,20,5.0,0.27,18.3,34,0.34,Low,2026-10-16,pending,90
MT-01084,AST-0323,OHE,Traction Distribution,COR-009,8.6,7,1,10,26,7.8,0.246,4.8,59,0.592,Medium,2026-09-22,completed,45
MT-01085,AST-0048,Track,Engineering,COR-009,6.8,8,1,5,26,9.4,0.46,25.8,52,0.525,Low,2026-09-12,pending,210
MT-01086,AST-0521,Track,Engineering,COR-001,5.3,8,2,7,45,6.2,0.469,10.0,56,0.561,Medium,2026-09-12,pending,225
MT-01087,AST-0584,OHE,Traction Distribution,COR-008,8.6,7,4,8,69,6.7,0.799,30.9,69,0.691,High,2026-09-07,pending,180
MT-01088,AST-0535,Track,Engineering,COR-007,3.5,8,1,6,45,5.6,0.228,8.3,51,0.513,Low,2026-09-20,completed,180
MT-01089,AST-0167,Track,Engineering,COR-004,4.6,8,0,3,48,4.9,0.242,20.7,51,0.513,Low,2026-09-18,pending,180
MT-01090,AST-0782,Station Equipment,S&T,COR-010,2.5,4,0,2,20,3.1,0.0,1.6,27,0.272,Low,2026-10-05,in_progress,60
MT-01091,AST-0782,Station Equipment,S&T,COR-010,1.7,4,0,2,20,1.0,0.0,1.6,23,0.232,Low,2026-10-02,overdue,240
MT-01092,AST-0409,OHE,Traction Distribution,COR-006,3.2,7,1,30,73,4.3,0.555,15.0,69,0.692,High,2026-09-08,completed,150
MT-01093,AST-0783,OHE,Traction Distribution,COR-001,1.4,6,0,1,45,3.4,0.046,1.0,30,0.304,Low,2026-10-08,pending,120
MT-01094,AST-0081,Track,Engineering,COR-002,7.4,8,3,3,26,7.9,0.426,6.4,62,0.623,Medium,2026-09-12,in_progress,120
MT-01095,AST-0007,Signal,S&T,COR-003,4.4,9,4,6,32,7.4,0.417,6.1,58,0.576,Medium,2026-09-18,pending,240
MT-01096,AST-0669,Signal,S&T,COR-008,5.6,9,1,3,69,5.8,0.159,6.9,45,0.448,Low,2026-09-14,pending,180
MT-01097,AST-0307,Bridge,Engineering,COR-004,8.0,10,3,2,48,10.0,0.528,14.6,68,0.68,High,2026-09-10,overdue,105
MT-01098,AST-0039,Station Equipment,S&T,COR-009,6.4,5,1,8,26,5.2,0.447,18.8,45,0.449,Low,2026-09-14,overdue,135
MT-01099,AST-0575,Signal,S&T,COR-005,6.3,10,3,4,100,7.8,0.523,9.1,72,0.719,High,2026-09-06,pending,75
MT-01100,AST-0645,Track,Engineering,COR-004,6.2,8,2,0,48,4.9,0.385,20.2,45,0.449,Low,2026-09-16,pending,135
MT-01101,AST-0495,Track,Engineering,COR-001,3.7,8,1,4,45,4.9,0.016,6.9,46,0.457,Low,2026-09-16,pending,75
MT-01102,AST-0104,Track,Engineering,COR-001,7.5,9,3,9,45,8.5,0.326,3.8,72,0.718,High,2026-09-09,pending,135
MT-01103,AST-0057,OHE,Traction Distribution,COR-006,7.9,8,1,1,73,7.3,0.229,2.9,65,0.651,High,2026-09-11,pending,150
MT-01104,AST-0043,Signal,S&T,COR-005,7.6,10,1,0,100,8.1,0.227,19.3,75,0.745,Critical,2026-09-10,pending,60
MT-01105,AST-0196,Track,Engineering,COR-003,2.0,7,0,4,32,4.5,0.301,6.7,29,0.295,Low,2026-10-01,pending,60
MT-01106,AST-0724,Signal,S&T,COR-004,4.8,10,0,0,48,5.5,0.271,13.0,43,0.433,Low,2026-09-19,pending,180
MT-01107,AST-0332,Track,Engineering,COR-002,5.5,8,0,7,26,6.1,0.256,14.4,66,0.662,High,2026-09-09,completed,210
MT-01108,AST-0095,Track,Engineering,COR-003,7.0,6,1,10,32,7.2,0.545,29.2,64,0.643,Medium,2026-09-14,completed,45
MT-01109,AST-0421,Station Equipment,S&T,COR-001,2.3,4,0,4,45,4.0,0.161,5.8,33,0.33,Low,2026-09-23,in_progress,210
MT-01110,AST-0192,Signal,S&T,COR-006,3.2,9,2,6,73,5.7,0.327,5.7,55,0.545,Medium,2026-09-12,pending,165
MT-01111,AST-0273,Signal,S&T,COR-006,7.7,9,1,0,73,9.1,0.334,2.6,63,0.634,Medium,2026-09-14,completed,60
MT-01112,AST-0323,OHE,Traction Distribution,COR-009,4.3,7,1,13,26,4.0,0.261,4.8,38,0.382,Low,2026-10-12,pending,60
MT-01113,AST-0075,Bridge,Engineering,COR-006,3.1,10,2,1,73,5.3,0.332,9.7,47,0.467,Low,2026-09-17,completed,90
MT-01114,AST-0777,Signal,S&T,COR-004,6.0,8,1,9,48,8.3,0.845,40.0,67,0.674,High,2026-09-08,pending,90
MT-01115,AST-0494,OHE,Traction Distribution,COR-001,7.1,8,2,35,45,7.4,0.464,40.0,67,0.675,High,2026-09-08,overdue,45
MT-01116,AST-0169,Track,Engineering,COR-010,4.3,8,0,3,20,5.4,0.296,10.1,41,0.407,Low,2026-09-14,pending,195
MT-01117,AST-0643,Track,Engineering,COR-001,4.4,7,0,1,45,5.2,0.082,5.2,53,0.531,Low,2026-09-19,completed,165
MT-01118,AST-0172,Bridge,Engineering,COR-005,4.7,10,0,10,100,6.1,0.496,8.8,68,0.681,High,2026-09-06,pending,210
MT-01119,AST-0544,Bridge,Engineering,COR-010,2.8,9,2,2,20,5.9,0.359,6.1,44,0.442,Low,2026-09-18,completed,105
MT-01120,AST-0070,Track,Engineering,COR-004,7.3,8,0,2,48,7.1,0.17,4.8,56,0.555,Medium,2026-09-22,in_progress,90
MT-01121,AST-0071,Bridge,Engineering,COR-006,8.0,9,2,3,73,7.7,0.72,18.9,73,0.729,High,2026-09-11,pending,105
MT-01122,AST-0073,Track,Engineering,COR-005,5.4,10,0,12,100,6.0,0.436,4.7,69,0.69,High,2026-09-08,completed,30
MT-01123,AST-0481,OHE,Traction Distribution,COR-009,3.5,7,0,4,26,5.2,0.068,13.7,45,0.449,Low,2026-09-21,pending,90
MT-01124,AST-0680,Bridge,Engineering,COR-001,7.4,10,1,3,45,7.4,0.184,6.1,62,0.62,Medium,2026-09-14,in_progress,150
MT-01125,AST-0383,OHE,Traction Distribution,COR-010,6.9,6,3,45,20,4.8,0.398,19.4,52,0.519,Low,2026-09-14,pending,195
MT-01126,AST-0660,Signal,S&T,COR-001,7.6,8,2,6,45,8.3,0.442,10.0,63,0.631,Medium,2026-09-15,completed,165
MT-01127,AST-0232,Signal,S&T,COR-005,7.1,9,2,2,100,9.5,0.747,38.5,73,0.73,High,2026-09-06,completed,225
MT-01128,AST-0172,Bridge,Engineering,COR-005,6.3,10,0,10,100,9.5,0.409,8.8,76,0.762,Critical,2026-09-07,in_progress,45
MT-01129,AST-0742,Track,Engineering,COR-004,6.3,7,0,17,48,6.7,0.31,6.9,65,0.646,High,2026-09-11,completed,30
MT-01130,AST-0086,Track,Engineering,COR-001,4.0,7,1,5,45,4.8,0.15,13.2,47,0.469,Low,2026-09-20,overdue,225
MT-01131,AST-0177,OHE,Traction Distribution,COR-007,4.6,7,0,4,45,5.3,0.149,9.0,47,0.474,Low,2026-09-15,completed,165
MT-01132,AST-0565,Station Equipment,S&T,COR-001,4.4,5,2,2,45,4.7,0.32,4.6,41,0.412,Low,2026-09-15,pending,210
MT-01133,AST-0380,Station Equipment,S&T,COR-005,6.2,7,1,2,100,5.6,0.335,2.8,57,0.572,Medium,2026-09-15,in_progress,180
MT-01134,AST-0162,Signal,S&T,COR-005,2.8,10,1,9,100,7.4,0.19,5.5,52,0.521,Low,2026-09-13,pending,150
MT-01135,AST-0734,OHE,Traction Distribution,COR-010,5.5,6,0,1,20,3.2,0.14,7.2,39,0.387,Low,2026-09-26,in_progress,165
MT-01136,AST-0651,Bridge,Engineering,COR-003,6.3,10,1,0,32,7.2,0.385,17.8,57,0.569,Medium,2026-09-22,pending,150
MT-01137,AST-0447,Signal,S&T,COR-004,4.5,10,1,2,48,7.6,0.089,6.7,47,0.47,Low,2026-09-19,completed,240
MT-01138,AST-0761,Signal,S&T,COR-008,7.4,9,2,1,69,6.6,0.592,19.5,64,0.641,Medium,2026-09-19,completed,150
MT-01139,AST-0660,Signal,S&T,COR-001,5.2,8,2,7,45,5.8,0.319,10.0,57,0.571,Medium,2026-09-15,completed,105
MT-01140,AST-0602,Track,Engineering,COR-008,4.4,8,0,2,69,6.4,0.264,11.2,57,0.567,Medium,2026-09-21,pending,240
MT-01141,AST-0662,Station Equipment,S&T,COR-005,7.3,5,1,6,100,6.9,0.502,10.3,66,0.658,High,2026-09-07,pending,135
MT-01142,AST-0348,Signal,S&T,COR-003,5.6,9,1,0,32,5.4,0.119,9.6,46,0.465,Low,2026-09-22,completed,225
MT-01143,AST-0213,OHE,Traction Distribution,COR-008,4.8,8,3,19,69,4.6,0.339,3.1,66,0.66,High,2026-09-09,in_progress,180
MT-01144,AST-0751,Signal,S&T,COR-002,4.2,8,2,7,26,4.7,0.241,7.8,45,0.447,Low,2026-09-15,overdue,240
MT-01145,AST-0536,Signal,S&T,COR-002,4.0,9,0,4,26,4.6,0.048,2.5,45,0.446,Low,2026-09-20,in_progress,210
MT-01146,AST-0516,OHE,Traction Distribution,COR-007,4.1,7,1,9,45,3.7,0.275,1.3,44,0.44,Low,2026-09-16,pending,30
MT-01147,AST-0283,Bridge,Engineering,COR-007,7.8,9,1,0,45,6.6,0.303,20.0,61,0.612,Medium,2026-09-14,completed,165
MT-01148,AST-0618,Track,Engineering,COR-005,5.6,9,0,20,100,8.0,0.226,7.0,66,0.657,High,2026-09-10,completed,75
MT-01149,AST-0791,Station Equipment,S&T,COR-001,5.1,6,2,2,45,4.7,0.253,13.8,46,0.463,Low,2026-09-19,pending,30
MT-01150,AST-0094,Track,Engineering,COR-010,2.8,8,0,8,20,5.2,0.03,2.7,42,0.415,Low,2026-09-18,completed,135
MT-01151,AST-0539,Bridge,Engineering,COR-004,7.3,10,1,5,48,7.0,0.54,21.2,70,0.704,High,2026-09-08,pending,30
MT-01152,AST-0479,OHE,Traction Distribution,COR-007,4.4,8,1,3,45,6.4,0.216,14.3,44,0.441,Low,2026-09-15,pending,60
MT-01153,AST-0086,Track,Engineering,COR-001,3.8,7,1,5,45,6.9,0.177,13.2,47,0.474,Low,2026-09-16,pending,210
MT-01154,AST-0458,Signal,S&T,COR-006,7.3,9,2,17,73,6.5,0.391,10.9,73,0.727,High,2026-09-11,completed,75
MT-01155,AST-0323,OHE,Traction Distribution,COR-009,5.9,7,1,7,26,7.6,0.232,4.8,55,0.547,Medium,2026-09-15,completed,240
MT-01156,AST-0600,Track,Engineering,COR-006,1.8,9,1,2,73,5.6,0.345,6.4,42,0.422,Low,2026-09-22,pending,240
MT-01157,AST-0063,OHE,Traction Distribution,COR-002,6.4,7,6,2,26,6.1,0.489,37.8,53,0.526,Low,2026-09-13,completed,240
MT-01158,AST-0460,Track,Engineering,COR-010,5.1,8,0,2,20,6.4,0.245,11.4,36,0.361,Low,2026-09-26,completed,135
MT-01159,AST-0495,Track,Engineering,COR-001,3.9,8,1,4,45,6.0,0.02,6.9,42,0.415,Low,2026-09-15,pending,105
MT-01160,AST-0275,Track,Engineering,COR-008,4.7,8,1,3,69,7.7,0.145,3.9,45,0.454,Low,2026-09-12,pending,225
MT-01161,AST-0800,OHE,Traction Distribution,COR-005,3.9,8,1,10,100,6.1,0.593,14.9,69,0.689,High,2026-09-11,pending,165
MT-01162,AST-0737,Signal,S&T,COR-005,2.1,10,4,17,100,6.4,0.516,20.5,70,0.7,High,2026-09-08,pending,195
MT-01163,AST-0080,Signal,S&T,COR-004,5.4,9,3,1,48,6.2,0.611,26.4,57,0.572,Medium,2026-09-13,overdue,120
MT-01164,AST-0509,Bridge,Engineering,COR-005,7.5,10,1,6,100,8.8,0.599,11.6,85,0.852,Critical,2026-09-04,completed,225
MT-01165,AST-0365,Track,Engineering,COR-002,1.0,7,0,4,26,2.9,0.0,7.0,27,0.271,Low,2026-10-15,pending,135
MT-01166,AST-0619,Track,Engineering,COR-006,6.0,7,3,3,73,6.0,0.621,34.2,61,0.607,Medium,2026-09-22,in_progress,45
MT-01167,AST-0799,Bridge,Engineering,COR-005,3.0,10,3,30,100,9.1,0.443,10.4,76,0.762,Critical,2026-09-06,pending,210
MT-01168,AST-0400,Track,Engineering,COR-008,4.7,9,4,6,69,3.9,0.256,5.8,53,0.53,Low,2026-09-20,pending,165
MT-01169,AST-0784,Signal,S&T,COR-007,9.0,9,3,2,45,8.3,0.393,6.7,71,0.707,High,2026-09-08,pending,225
MT-01170,AST-0396,Track,Engineering,COR-003,5.2,6,4,1,32,5.4,0.29,11.3,52,0.515,Low,2026-09-21,pending,180
MT-01171,AST-0714,OHE,Traction Distribution,COR-001,5.1,6,0,19,45,4.8,0.236,8.6,52,0.515,Low,2026-09-18,pending,135
MT-01172,AST-0548,Track,Engineering,COR-007,6.7,9,0,7,45,7.0,0.265,12.6,65,0.646,High,2026-09-10,pending,60
MT-01173,AST-0657,Bridge,Engineering,COR-001,4.8,10,0,2,45,7.0,0.069,11.9,53,0.526,Low,2026-09-21,pending,120
MT-01174,AST-0306,Track,Engineering,COR-004,4.5,9,1,2,48,6.0,0.18,13.9,50,0.502,Low,2026-09-21,in_progress,60
MT-01175,AST-0161,Track,Engineering,COR-002,6.1,7,0,0,26,6.2,0.155,1.9,44,0.441,Low,2026-09-13,in_progress,240
MT-01176,AST-0653,Bridge,Engineering,COR-009,5.5,9,1,7,26,6.2,0.143,6.0,51,0.507,Low,2026-09-19,pending,120
MT-01177,AST-0463,OHE,Traction Distribution,COR-002,4.7,6,0,2,26,6.9,0.141,3.3,23,0.229,Low,2026-09-26,in_progress,225
MT-01178,AST-0524,Track,Engineering,COR-002,4.9,8,1,8,26,5.7,0.181,22.3,57,0.572,Medium,2026-09-22,pending,180
MT-01179,AST-0704,Signal,S&T,COR-005,4.6,10,0,3,100,7.4,0.203,11.5,58,0.581,Medium,2026-09-18,overdue,240
MT-01180,AST-0158,Track,Engineering,COR-004,8.0,8,0,5,48,6.5,0.517,8.5,61,0.609,Medium,2026-09-14,pending,195
MT-01181,AST-0676,OHE,Traction Distribution,COR-005,4.8,8,2,2,100,6.9,0.27,5.9,56,0.559,Medium,2026-09-15,in_progress,210
MT-01182,AST-0467,Track,Engineering,COR-001,8.0,8,2,0,45,7.9,0.317,22.6,52,0.524,Low,2026-09-21,pending,45
MT-01183,AST-0017,Track,Engineering,COR-003,3.9,8,4,1,32,6.0,0.343,13.4,45,0.45,Low,2026-09-19,pending,165
MT-01184,AST-0430,Track,Engineering,COR-002,8.1,7,0,2,26,5.7,0.371,23.5,51,0.509,Low,2026-09-14,in_progress,105
MT-01185,AST-0150,Track,Engineering,COR-008,7.5,8,0,6,69,6.2,0.436,14.1,60,0.598,Medium,2026-09-21,completed,60
MT-01186,AST-0346,Track,Engineering,COR-004,4.1,8,4,11,48,7.3,0.327,19.4,58,0.581,Medium,2026-09-19,overdue,60
MT-01187,AST-0163,Signal,S&T,COR-002,6.4,8,1,3,26,5.8,0.276,10.6,49,0.493,Low,2026-09-12,in_progress,240
MT-01188,AST-0565,Station Equipment,S&T,COR-001,4.3,5,2,1,45,4.9,0.249,4.6,42,0.423,Low,2026-09-15,pending,150
MT-01189,AST-0715,Station Equipment,S&T,COR-006,8.1,6,3,6,73,5.3,0.734,24.7,57,0.567,Medium,2026-09-21,completed,120
MT-01190,AST-0092,OHE,Traction Distribution,COR-004,6.6,7,7,0,48,7.1,0.694,21.3,51,0.509,Low,2026-09-15,pending,90
MT-01191,AST-0122,OHE,Traction Distribution,COR-004,5.6,7,3,2,48,5.1,0.447,26.4,52,0.523,Low,2026-09-12,in_progress,195
MT-01192,AST-0694,Bridge,Engineering,COR-006,7.4,10,0,1,73,7.0,0.397,11.4,60,0.603,Medium,2026-09-18,completed,165
MT-01193,AST-0786,Track,Engineering,COR-010,6.0,7,1,10,20,5.2,0.124,18.6,45,0.446,Low,2026-09-21,pending,120
MT-01194,AST-0023,Track,Engineering,COR-008,5.0,8,1,10,69,5.4,0.58,16.9,59,0.586,Medium,2026-09-18,in_progress,150
MT-01195,AST-0487,Signal,S&T,COR-009,4.0,8,2,0,26,6.0,0.326,21.0,41,0.414,Low,2026-09-22,pending,30
MT-01196,AST-0304,Track,Engineering,COR-009,5.7,8,1,2,26,6.3,0.197,3.8,46,0.463,Low,2026-09-13,pending,120
MT-01197,AST-0509,Bridge,Engineering,COR-005,7.6,10,1,2,100,6.9,0.625,11.6,70,0.703,High,2026-09-10,overdue,105
MT-01198,AST-0092,OHE,Traction Distribution,COR-004,6.3,7,7,2,48,6.0,0.717,21.3,50,0.498,Low,2026-09-19,pending,165
MT-01199,AST-0004,Track,Engineering,COR-006,8.4,8,0,2,73,6.2,0.329,7.3,65,0.646,High,2026-09-11,pending,225
MT-01200,AST-0206,OHE,Traction Distribution,COR-002,7.5,6,0,2,26,6.6,0.359,32.2,56,0.558,Medium,2026-09-17,in_progress,195
